model_b,metric,layer,example_id,baseline_score,intervention_score,paired_damage
0.6,tool_selection,0,simple_python_102,0.0,0.0,0.0
0.6,tool_selection,0,simple_python_112,0.0,0.0,0.0
0.6,tool_selection,0,simple_python_129,0.0,0.0,0.0
0.6,tool_selection,0,simple_python_143,1.0,0.0,1.0
0.6,tool_selection,0,simple_python_15,1.0,0.0,1.0
0.6,tool_selection,0,simple_python_158,1.0,0.0,1.0
0.6,tool_selection,0,simple_python_170,1.0,0.0,1.0
0.6,tool_selection,0,simple_python_207,1.0,0.0,1.0
0.6,tool_selection,0,simple_python_228,1.0,0.0,1.0
0.6,tool_selection,0,simple_python_237,1.0,0.0,1.0
0.6,tool_selection,0,simple_python_239,1.0,0.0,1.0
0.6,tool_selection,0,simple_python_275,1.0,0.0,1.0
0.6,tool_selection,0,simple_python_288,1.0,0.0,1.0
0.6,tool_selection,0,simple_python_366,1.0,0.0,1.0
0.6,tool_selection,0,simple_python_398,1.0,0.0,1.0
0.6,tool_selection,0,simple_python_44,1.0,0.0,1.0
0.6,tool_selection,0,simple_python_77,1.0,0.0,1.0
0.6,tool_selection,0,simple_python_86,1.0,0.0,1.0
0.6,tool_selection,0,simple_python_97,1.0,0.0,1.0
0.6,tool_selection,0,simple_python_98,0.0,0.0,0.0
0.6,tool_selection,1,simple_python_102,0.0,0.0,0.0
0.6,tool_selection,1,simple_python_112,0.0,0.0,0.0
0.6,tool_selection,1,simple_python_129,0.0,0.0,0.0
0.6,tool_selection,1,simple_python_143,1.0,0.0,1.0
0.6,tool_selection,1,simple_python_15,1.0,0.0,1.0
0.6,tool_selection,1,simple_python_158,1.0,0.0,1.0
0.6,tool_selection,1,simple_python_170,1.0,0.0,1.0
0.6,tool_selection,1,simple_python_207,1.0,0.0,1.0
0.6,tool_selection,1,simple_python_228,1.0,0.0,1.0
0.6,tool_selection,1,simple_python_237,1.0,0.0,1.0
0.6,tool_selection,1,simple_python_239,1.0,0.0,1.0
0.6,tool_selection,1,simple_python_275,1.0,0.0,1.0
0.6,tool_selection,1,simple_python_288,1.0,0.0,1.0
0.6,tool_selection,1,simple_python_366,1.0,0.0,1.0
0.6,tool_selection,1,simple_python_398,1.0,0.0,1.0
0.6,tool_selection,1,simple_python_44,1.0,0.0,1.0
0.6,tool_selection,1,simple_python_77,1.0,0.0,1.0
0.6,tool_selection,1,simple_python_86,1.0,0.0,1.0
0.6,tool_selection,1,simple_python_97,1.0,0.0,1.0
0.6,tool_selection,1,simple_python_98,0.0,0.0,0.0
0.6,tool_selection,2,simple_python_102,0.0,0.0,0.0
0.6,tool_selection,2,simple_python_112,0.0,0.0,0.0
0.6,tool_selection,2,simple_python_129,0.0,0.0,0.0
0.6,tool_selection,2,simple_python_143,1.0,0.0,1.0
0.6,tool_selection,2,simple_python_15,1.0,0.0,1.0
0.6,tool_selection,2,simple_python_158,1.0,0.0,1.0
0.6,tool_selection,2,simple_python_170,1.0,0.0,1.0
0.6,tool_selection,2,simple_python_207,1.0,0.0,1.0
0.6,tool_selection,2,simple_python_228,1.0,0.0,1.0
0.6,tool_selection,2,simple_python_237,1.0,0.0,1.0
0.6,tool_selection,2,simple_python_239,1.0,0.0,1.0
0.6,tool_selection,2,simple_python_275,1.0,0.0,1.0
0.6,tool_selection,2,simple_python_288,1.0,0.0,1.0
0.6,tool_selection,2,simple_python_366,1.0,0.0,1.0
0.6,tool_selection,2,simple_python_398,1.0,0.0,1.0
0.6,tool_selection,2,simple_python_44,1.0,0.0,1.0
0.6,tool_selection,2,simple_python_77,1.0,0.0,1.0
0.6,tool_selection,2,simple_python_86,1.0,0.0,1.0
0.6,tool_selection,2,simple_python_97,1.0,0.0,1.0
0.6,tool_selection,2,simple_python_98,0.0,0.0,0.0
0.6,tool_selection,3,simple_python_102,0.0,0.0,0.0
0.6,tool_selection,3,simple_python_112,0.0,0.0,0.0
0.6,tool_selection,3,simple_python_129,0.0,0.0,0.0
0.6,tool_selection,3,simple_python_143,1.0,1.0,0.0
0.6,tool_selection,3,simple_python_15,1.0,0.0,1.0
0.6,tool_selection,3,simple_python_158,1.0,0.0,1.0
0.6,tool_selection,3,simple_python_170,1.0,0.0,1.0
0.6,tool_selection,3,simple_python_207,1.0,1.0,0.0
0.6,tool_selection,3,simple_python_228,1.0,0.0,1.0
0.6,tool_selection,3,simple_python_237,1.0,0.0,1.0
0.6,tool_selection,3,simple_python_239,1.0,0.0,1.0
0.6,tool_selection,3,simple_python_275,1.0,0.0,1.0
0.6,tool_selection,3,simple_python_288,1.0,1.0,0.0
0.6,tool_selection,3,simple_python_366,1.0,1.0,0.0
0.6,tool_selection,3,simple_python_398,1.0,0.0,1.0
0.6,tool_selection,3,simple_python_44,1.0,0.0,1.0
0.6,tool_selection,3,simple_python_77,1.0,0.0,1.0
0.6,tool_selection,3,simple_python_86,1.0,0.0,1.0
0.6,tool_selection,3,simple_python_97,1.0,0.0,1.0
0.6,tool_selection,3,simple_python_98,0.0,0.0,0.0
0.6,tool_selection,4,simple_python_102,0.0,0.0,0.0
0.6,tool_selection,4,simple_python_112,0.0,0.0,0.0
0.6,tool_selection,4,simple_python_129,0.0,0.0,0.0
0.6,tool_selection,4,simple_python_143,1.0,0.0,1.0
0.6,tool_selection,4,simple_python_15,1.0,1.0,0.0
0.6,tool_selection,4,simple_python_158,1.0,0.0,1.0
0.6,tool_selection,4,simple_python_170,1.0,0.0,1.0
0.6,tool_selection,4,simple_python_207,1.0,0.0,1.0
0.6,tool_selection,4,simple_python_228,1.0,0.0,1.0
0.6,tool_selection,4,simple_python_237,1.0,0.0,1.0
0.6,tool_selection,4,simple_python_239,1.0,0.0,1.0
0.6,tool_selection,4,simple_python_275,1.0,0.0,1.0
0.6,tool_selection,4,simple_python_288,1.0,0.0,1.0
0.6,tool_selection,4,simple_python_366,1.0,0.0,1.0
0.6,tool_selection,4,simple_python_398,1.0,0.0,1.0
0.6,tool_selection,4,simple_python_44,1.0,0.0,1.0
0.6,tool_selection,4,simple_python_77,1.0,0.0,1.0
0.6,tool_selection,4,simple_python_86,1.0,0.0,1.0
0.6,tool_selection,4,simple_python_97,1.0,0.0,1.0
0.6,tool_selection,4,simple_python_98,0.0,0.0,0.0
0.6,tool_selection,5,simple_python_102,0.0,1.0,-1.0
0.6,tool_selection,5,simple_python_112,0.0,1.0,-1.0
0.6,tool_selection,5,simple_python_129,0.0,1.0,-1.0
0.6,tool_selection,5,simple_python_143,1.0,1.0,0.0
0.6,tool_selection,5,simple_python_15,1.0,1.0,0.0
0.6,tool_selection,5,simple_python_158,1.0,1.0,0.0
0.6,tool_selection,5,simple_python_170,1.0,0.0,1.0
0.6,tool_selection,5,simple_python_207,1.0,1.0,0.0
0.6,tool_selection,5,simple_python_228,1.0,1.0,0.0
0.6,tool_selection,5,simple_python_237,1.0,0.0,1.0
0.6,tool_selection,5,simple_python_239,1.0,1.0,0.0
0.6,tool_selection,5,simple_python_275,1.0,0.0,1.0
0.6,tool_selection,5,simple_python_288,1.0,0.0,1.0
0.6,tool_selection,5,simple_python_366,1.0,1.0,0.0
0.6,tool_selection,5,simple_python_398,1.0,0.0,1.0
0.6,tool_selection,5,simple_python_44,1.0,0.0,1.0
0.6,tool_selection,5,simple_python_77,1.0,0.0,1.0
0.6,tool_selection,5,simple_python_86,1.0,0.0,1.0
0.6,tool_selection,5,simple_python_97,1.0,0.0,1.0
0.6,tool_selection,5,simple_python_98,0.0,0.0,0.0
0.6,tool_selection,6,simple_python_102,0.0,0.0,0.0
0.6,tool_selection,6,simple_python_112,0.0,0.0,0.0
0.6,tool_selection,6,simple_python_129,0.0,0.0,0.0
0.6,tool_selection,6,simple_python_143,1.0,0.0,1.0
0.6,tool_selection,6,simple_python_15,1.0,0.0,1.0
0.6,tool_selection,6,simple_python_158,1.0,0.0,1.0
0.6,tool_selection,6,simple_python_170,1.0,0.0,1.0
0.6,tool_selection,6,simple_python_207,1.0,0.0,1.0
0.6,tool_selection,6,simple_python_228,1.0,0.0,1.0
0.6,tool_selection,6,simple_python_237,1.0,0.0,1.0
0.6,tool_selection,6,simple_python_239,1.0,0.0,1.0
0.6,tool_selection,6,simple_python_275,1.0,0.0,1.0
0.6,tool_selection,6,simple_python_288,1.0,0.0,1.0
0.6,tool_selection,6,simple_python_366,1.0,0.0,1.0
0.6,tool_selection,6,simple_python_398,1.0,0.0,1.0
0.6,tool_selection,6,simple_python_44,1.0,0.0,1.0
0.6,tool_selection,6,simple_python_77,1.0,0.0,1.0
0.6,tool_selection,6,simple_python_86,1.0,0.0,1.0
0.6,tool_selection,6,simple_python_97,1.0,0.0,1.0
0.6,tool_selection,6,simple_python_98,0.0,0.0,0.0
0.6,tool_selection,7,simple_python_102,0.0,1.0,-1.0
0.6,tool_selection,7,simple_python_112,0.0,0.0,0.0
0.6,tool_selection,7,simple_python_129,0.0,1.0,-1.0
0.6,tool_selection,7,simple_python_143,1.0,1.0,0.0
0.6,tool_selection,7,simple_python_15,1.0,1.0,0.0
0.6,tool_selection,7,simple_python_158,1.0,1.0,0.0
0.6,tool_selection,7,simple_python_170,1.0,1.0,0.0
0.6,tool_selection,7,simple_python_207,1.0,1.0,0.0
0.6,tool_selection,7,simple_python_228,1.0,1.0,0.0
0.6,tool_selection,7,simple_python_237,1.0,1.0,0.0
0.6,tool_selection,7,simple_python_239,1.0,1.0,0.0
0.6,tool_selection,7,simple_python_275,1.0,1.0,0.0
0.6,tool_selection,7,simple_python_288,1.0,1.0,0.0
0.6,tool_selection,7,simple_python_366,1.0,1.0,0.0
0.6,tool_selection,7,simple_python_398,1.0,1.0,0.0
0.6,tool_selection,7,simple_python_44,1.0,1.0,0.0
0.6,tool_selection,7,simple_python_77,1.0,1.0,0.0
0.6,tool_selection,7,simple_python_86,1.0,1.0,0.0
0.6,tool_selection,7,simple_python_97,1.0,1.0,0.0
0.6,tool_selection,7,simple_python_98,0.0,1.0,-1.0
0.6,tool_selection,8,simple_python_102,0.0,1.0,-1.0
0.6,tool_selection,8,simple_python_112,0.0,1.0,-1.0
0.6,tool_selection,8,simple_python_129,0.0,1.0,-1.0
0.6,tool_selection,8,simple_python_143,1.0,1.0,0.0
0.6,tool_selection,8,simple_python_15,1.0,1.0,0.0
0.6,tool_selection,8,simple_python_158,1.0,1.0,0.0
0.6,tool_selection,8,simple_python_170,1.0,0.0,1.0
0.6,tool_selection,8,simple_python_207,1.0,1.0,0.0
0.6,tool_selection,8,simple_python_228,1.0,1.0,0.0
0.6,tool_selection,8,simple_python_237,1.0,1.0,0.0
0.6,tool_selection,8,simple_python_239,1.0,0.0,1.0
0.6,tool_selection,8,simple_python_275,1.0,1.0,0.0
0.6,tool_selection,8,simple_python_288,1.0,1.0,0.0
0.6,tool_selection,8,simple_python_366,1.0,1.0,0.0
0.6,tool_selection,8,simple_python_398,1.0,1.0,0.0
0.6,tool_selection,8,simple_python_44,1.0,1.0,0.0
0.6,tool_selection,8,simple_python_77,1.0,1.0,0.0
0.6,tool_selection,8,simple_python_86,1.0,0.0,1.0
0.6,tool_selection,8,simple_python_97,1.0,1.0,0.0
0.6,tool_selection,8,simple_python_98,0.0,1.0,-1.0
0.6,tool_selection,9,simple_python_102,0.0,0.0,0.0
0.6,tool_selection,9,simple_python_112,0.0,0.0,0.0
0.6,tool_selection,9,simple_python_129,0.0,0.0,0.0
0.6,tool_selection,9,simple_python_143,1.0,0.0,1.0
0.6,tool_selection,9,simple_python_15,1.0,0.0,1.0
0.6,tool_selection,9,simple_python_158,1.0,0.0,1.0
0.6,tool_selection,9,simple_python_170,1.0,0.0,1.0
0.6,tool_selection,9,simple_python_207,1.0,0.0,1.0
0.6,tool_selection,9,simple_python_228,1.0,0.0,1.0
0.6,tool_selection,9,simple_python_237,1.0,0.0,1.0
0.6,tool_selection,9,simple_python_239,1.0,0.0,1.0
0.6,tool_selection,9,simple_python_275,1.0,0.0,1.0
0.6,tool_selection,9,simple_python_288,1.0,0.0,1.0
0.6,tool_selection,9,simple_python_366,1.0,0.0,1.0
0.6,tool_selection,9,simple_python_398,1.0,0.0,1.0
0.6,tool_selection,9,simple_python_44,1.0,0.0,1.0
0.6,tool_selection,9,simple_python_77,1.0,0.0,1.0
0.6,tool_selection,9,simple_python_86,1.0,0.0,1.0
0.6,tool_selection,9,simple_python_97,1.0,0.0,1.0
0.6,tool_selection,9,simple_python_98,0.0,0.0,0.0
0.6,tool_selection,10,simple_python_102,0.0,0.0,0.0
0.6,tool_selection,10,simple_python_112,0.0,0.0,0.0
0.6,tool_selection,10,simple_python_129,0.0,0.0,0.0
0.6,tool_selection,10,simple_python_143,1.0,0.0,1.0
0.6,tool_selection,10,simple_python_15,1.0,0.0,1.0
0.6,tool_selection,10,simple_python_158,1.0,0.0,1.0
0.6,tool_selection,10,simple_python_170,1.0,0.0,1.0
0.6,tool_selection,10,simple_python_207,1.0,0.0,1.0
0.6,tool_selection,10,simple_python_228,1.0,0.0,1.0
0.6,tool_selection,10,simple_python_237,1.0,0.0,1.0
0.6,tool_selection,10,simple_python_239,1.0,0.0,1.0
0.6,tool_selection,10,simple_python_275,1.0,0.0,1.0
0.6,tool_selection,10,simple_python_288,1.0,0.0,1.0
0.6,tool_selection,10,simple_python_366,1.0,0.0,1.0
0.6,tool_selection,10,simple_python_398,1.0,0.0,1.0
0.6,tool_selection,10,simple_python_44,1.0,0.0,1.0
0.6,tool_selection,10,simple_python_77,1.0,0.0,1.0
0.6,tool_selection,10,simple_python_86,1.0,0.0,1.0
0.6,tool_selection,10,simple_python_97,1.0,0.0,1.0
0.6,tool_selection,10,simple_python_98,0.0,0.0,0.0
0.6,tool_selection,11,simple_python_102,0.0,0.0,0.0
0.6,tool_selection,11,simple_python_112,0.0,0.0,0.0
0.6,tool_selection,11,simple_python_129,0.0,0.0,0.0
0.6,tool_selection,11,simple_python_143,1.0,0.0,1.0
0.6,tool_selection,11,simple_python_15,1.0,1.0,0.0
0.6,tool_selection,11,simple_python_158,1.0,1.0,0.0
0.6,tool_selection,11,simple_python_170,1.0,0.0,1.0
0.6,tool_selection,11,simple_python_207,1.0,0.0,1.0
0.6,tool_selection,11,simple_python_228,1.0,1.0,0.0
0.6,tool_selection,11,simple_python_237,1.0,0.0,1.0
0.6,tool_selection,11,simple_python_239,1.0,0.0,1.0
0.6,tool_selection,11,simple_python_275,1.0,1.0,0.0
0.6,tool_selection,11,simple_python_288,1.0,0.0,1.0
0.6,tool_selection,11,simple_python_366,1.0,1.0,0.0
0.6,tool_selection,11,simple_python_398,1.0,0.0,1.0
0.6,tool_selection,11,simple_python_44,1.0,0.0,1.0
0.6,tool_selection,11,simple_python_77,1.0,0.0,1.0
0.6,tool_selection,11,simple_python_86,1.0,1.0,0.0
0.6,tool_selection,11,simple_python_97,1.0,0.0,1.0
0.6,tool_selection,11,simple_python_98,0.0,0.0,0.0
0.6,tool_selection,12,simple_python_102,0.0,0.0,0.0
0.6,tool_selection,12,simple_python_112,0.0,0.0,0.0
0.6,tool_selection,12,simple_python_129,0.0,1.0,-1.0
0.6,tool_selection,12,simple_python_143,1.0,0.0,1.0
0.6,tool_selection,12,simple_python_15,1.0,1.0,0.0
0.6,tool_selection,12,simple_python_158,1.0,1.0,0.0
0.6,tool_selection,12,simple_python_170,1.0,0.0,1.0
0.6,tool_selection,12,simple_python_207,1.0,0.0,1.0
0.6,tool_selection,12,simple_python_228,1.0,1.0,0.0
0.6,tool_selection,12,simple_python_237,1.0,0.0,1.0
0.6,tool_selection,12,simple_python_239,1.0,0.0,1.0
0.6,tool_selection,12,simple_python_275,1.0,1.0,0.0
0.6,tool_selection,12,simple_python_288,1.0,0.0,1.0
0.6,tool_selection,12,simple_python_366,1.0,0.0,1.0
0.6,tool_selection,12,simple_python_398,1.0,0.0,1.0
0.6,tool_selection,12,simple_python_44,1.0,0.0,1.0
0.6,tool_selection,12,simple_python_77,1.0,0.0,1.0
0.6,tool_selection,12,simple_python_86,1.0,0.0,1.0
0.6,tool_selection,12,simple_python_97,1.0,1.0,0.0
0.6,tool_selection,12,simple_python_98,0.0,0.0,0.0
0.6,tool_selection,13,simple_python_102,0.0,1.0,-1.0
0.6,tool_selection,13,simple_python_112,0.0,1.0,-1.0
0.6,tool_selection,13,simple_python_129,0.0,1.0,-1.0
0.6,tool_selection,13,simple_python_143,1.0,1.0,0.0
0.6,tool_selection,13,simple_python_15,1.0,1.0,0.0
0.6,tool_selection,13,simple_python_158,1.0,1.0,0.0
0.6,tool_selection,13,simple_python_170,1.0,1.0,0.0
0.6,tool_selection,13,simple_python_207,1.0,1.0,0.0
0.6,tool_selection,13,simple_python_228,1.0,1.0,0.0
0.6,tool_selection,13,simple_python_237,1.0,1.0,0.0
0.6,tool_selection,13,simple_python_239,1.0,1.0,0.0
0.6,tool_selection,13,simple_python_275,1.0,1.0,0.0
0.6,tool_selection,13,simple_python_288,1.0,0.0,1.0
0.6,tool_selection,13,simple_python_366,1.0,1.0,0.0
0.6,tool_selection,13,simple_python_398,1.0,1.0,0.0
0.6,tool_selection,13,simple_python_44,1.0,1.0,0.0
0.6,tool_selection,13,simple_python_77,1.0,0.0,1.0
0.6,tool_selection,13,simple_python_86,1.0,1.0,0.0
0.6,tool_selection,13,simple_python_97,1.0,0.0,1.0
0.6,tool_selection,13,simple_python_98,0.0,1.0,-1.0
0.6,tool_selection,14,simple_python_102,0.0,0.0,0.0
0.6,tool_selection,14,simple_python_112,0.0,0.0,0.0
0.6,tool_selection,14,simple_python_129,0.0,0.0,0.0
0.6,tool_selection,14,simple_python_143,1.0,0.0,1.0
0.6,tool_selection,14,simple_python_15,1.0,0.0,1.0
0.6,tool_selection,14,simple_python_158,1.0,0.0,1.0
0.6,tool_selection,14,simple_python_170,1.0,0.0,1.0
0.6,tool_selection,14,simple_python_207,1.0,0.0,1.0
0.6,tool_selection,14,simple_python_228,1.0,0.0,1.0
0.6,tool_selection,14,simple_python_237,1.0,0.0,1.0
0.6,tool_selection,14,simple_python_239,1.0,0.0,1.0
0.6,tool_selection,14,simple_python_275,1.0,0.0,1.0
0.6,tool_selection,14,simple_python_288,1.0,0.0,1.0
0.6,tool_selection,14,simple_python_366,1.0,0.0,1.0
0.6,tool_selection,14,simple_python_398,1.0,0.0,1.0
0.6,tool_selection,14,simple_python_44,1.0,0.0,1.0
0.6,tool_selection,14,simple_python_77,1.0,0.0,1.0
0.6,tool_selection,14,simple_python_86,1.0,0.0,1.0
0.6,tool_selection,14,simple_python_97,1.0,0.0,1.0
0.6,tool_selection,14,simple_python_98,0.0,0.0,0.0
0.6,tool_selection,15,simple_python_102,0.0,1.0,-1.0
0.6,tool_selection,15,simple_python_112,0.0,1.0,-1.0
0.6,tool_selection,15,simple_python_129,0.0,0.0,0.0
0.6,tool_selection,15,simple_python_143,1.0,1.0,0.0
0.6,tool_selection,15,simple_python_15,1.0,1.0,0.0
0.6,tool_selection,15,simple_python_158,1.0,0.0,1.0
0.6,tool_selection,15,simple_python_170,1.0,0.0,1.0
0.6,tool_selection,15,simple_python_207,1.0,1.0,0.0
0.6,tool_selection,15,simple_python_228,1.0,1.0,0.0
0.6,tool_selection,15,simple_python_237,1.0,0.0,1.0
0.6,tool_selection,15,simple_python_239,1.0,1.0,0.0
0.6,tool_selection,15,simple_python_275,1.0,1.0,0.0
0.6,tool_selection,15,simple_python_288,1.0,0.0,1.0
0.6,tool_selection,15,simple_python_366,1.0,1.0,0.0
0.6,tool_selection,15,simple_python_398,1.0,1.0,0.0
0.6,tool_selection,15,simple_python_44,1.0,1.0,0.0
0.6,tool_selection,15,simple_python_77,1.0,1.0,0.0
0.6,tool_selection,15,simple_python_86,1.0,0.0,1.0
0.6,tool_selection,15,simple_python_97,1.0,1.0,0.0
0.6,tool_selection,15,simple_python_98,0.0,1.0,-1.0
0.6,tool_selection,16,simple_python_102,0.0,1.0,-1.0
0.6,tool_selection,16,simple_python_112,0.0,1.0,-1.0
0.6,tool_selection,16,simple_python_129,0.0,1.0,-1.0
0.6,tool_selection,16,simple_python_143,1.0,1.0,0.0
0.6,tool_selection,16,simple_python_15,1.0,1.0,0.0
0.6,tool_selection,16,simple_python_158,1.0,1.0,0.0
0.6,tool_selection,16,simple_python_170,1.0,1.0,0.0
0.6,tool_selection,16,simple_python_207,1.0,1.0,0.0
0.6,tool_selection,16,simple_python_228,1.0,1.0,0.0
0.6,tool_selection,16,simple_python_237,1.0,1.0,0.0
0.6,tool_selection,16,simple_python_239,1.0,1.0,0.0
0.6,tool_selection,16,simple_python_275,1.0,1.0,0.0
0.6,tool_selection,16,simple_python_288,1.0,1.0,0.0
0.6,tool_selection,16,simple_python_366,1.0,1.0,0.0
0.6,tool_selection,16,simple_python_398,1.0,1.0,0.0
0.6,tool_selection,16,simple_python_44,1.0,1.0,0.0
0.6,tool_selection,16,simple_python_77,1.0,1.0,0.0
0.6,tool_selection,16,simple_python_86,1.0,1.0,0.0
0.6,tool_selection,16,simple_python_97,1.0,1.0,0.0
0.6,tool_selection,16,simple_python_98,0.0,1.0,-1.0
0.6,tool_selection,17,simple_python_102,0.0,0.0,0.0
0.6,tool_selection,17,simple_python_112,0.0,0.0,0.0
0.6,tool_selection,17,simple_python_129,0.0,0.0,0.0
0.6,tool_selection,17,simple_python_143,1.0,1.0,0.0
0.6,tool_selection,17,simple_python_15,1.0,1.0,0.0
0.6,tool_selection,17,simple_python_158,1.0,0.0,1.0
0.6,tool_selection,17,simple_python_170,1.0,0.0,1.0
0.6,tool_selection,17,simple_python_207,1.0,1.0,0.0
0.6,tool_selection,17,simple_python_228,1.0,0.0,1.0
0.6,tool_selection,17,simple_python_237,1.0,0.0,1.0
0.6,tool_selection,17,simple_python_239,1.0,0.0,1.0
0.6,tool_selection,17,simple_python_275,1.0,1.0,0.0
0.6,tool_selection,17,simple_python_288,1.0,0.0,1.0
0.6,tool_selection,17,simple_python_366,1.0,0.0,1.0
0.6,tool_selection,17,simple_python_398,1.0,1.0,0.0
0.6,tool_selection,17,simple_python_44,1.0,1.0,0.0
0.6,tool_selection,17,simple_python_77,1.0,0.0,1.0
0.6,tool_selection,17,simple_python_86,1.0,1.0,0.0
0.6,tool_selection,17,simple_python_97,1.0,0.0,1.0
0.6,tool_selection,17,simple_python_98,0.0,1.0,-1.0
0.6,tool_selection,18,simple_python_102,0.0,0.0,0.0
0.6,tool_selection,18,simple_python_112,0.0,0.0,0.0
0.6,tool_selection,18,simple_python_129,0.0,0.0,0.0
0.6,tool_selection,18,simple_python_143,1.0,0.0,1.0
0.6,tool_selection,18,simple_python_15,1.0,0.0,1.0
0.6,tool_selection,18,simple_python_158,1.0,0.0,1.0
0.6,tool_selection,18,simple_python_170,1.0,0.0,1.0
0.6,tool_selection,18,simple_python_207,1.0,0.0,1.0
0.6,tool_selection,18,simple_python_228,1.0,0.0,1.0
0.6,tool_selection,18,simple_python_237,1.0,0.0,1.0
0.6,tool_selection,18,simple_python_239,1.0,0.0,1.0
0.6,tool_selection,18,simple_python_275,1.0,0.0,1.0
0.6,tool_selection,18,simple_python_288,1.0,0.0,1.0
0.6,tool_selection,18,simple_python_366,1.0,0.0,1.0
0.6,tool_selection,18,simple_python_398,1.0,0.0,1.0
0.6,tool_selection,18,simple_python_44,1.0,0.0,1.0
0.6,tool_selection,18,simple_python_77,1.0,0.0,1.0
0.6,tool_selection,18,simple_python_86,1.0,0.0,1.0
0.6,tool_selection,18,simple_python_97,1.0,0.0,1.0
0.6,tool_selection,18,simple_python_98,0.0,0.0,0.0
0.6,tool_selection,19,simple_python_102,0.0,0.0,0.0
0.6,tool_selection,19,simple_python_112,0.0,0.0,0.0
0.6,tool_selection,19,simple_python_129,0.0,0.0,0.0
0.6,tool_selection,19,simple_python_143,1.0,0.0,1.0
0.6,tool_selection,19,simple_python_15,1.0,0.0,1.0
0.6,tool_selection,19,simple_python_158,1.0,0.0,1.0
0.6,tool_selection,19,simple_python_170,1.0,0.0,1.0
0.6,tool_selection,19,simple_python_207,1.0,0.0,1.0
0.6,tool_selection,19,simple_python_228,1.0,0.0,1.0
0.6,tool_selection,19,simple_python_237,1.0,0.0,1.0
0.6,tool_selection,19,simple_python_239,1.0,0.0,1.0
0.6,tool_selection,19,simple_python_275,1.0,0.0,1.0
0.6,tool_selection,19,simple_python_288,1.0,0.0,1.0
0.6,tool_selection,19,simple_python_366,1.0,0.0,1.0
0.6,tool_selection,19,simple_python_398,1.0,0.0,1.0
0.6,tool_selection,19,simple_python_44,1.0,0.0,1.0
0.6,tool_selection,19,simple_python_77,1.0,0.0,1.0
0.6,tool_selection,19,simple_python_86,1.0,0.0,1.0
0.6,tool_selection,19,simple_python_97,1.0,0.0,1.0
0.6,tool_selection,19,simple_python_98,0.0,0.0,0.0
0.6,tool_selection,20,simple_python_102,0.0,0.0,0.0
0.6,tool_selection,20,simple_python_112,0.0,0.0,0.0
0.6,tool_selection,20,simple_python_129,0.0,0.0,0.0
0.6,tool_selection,20,simple_python_143,1.0,0.0,1.0
0.6,tool_selection,20,simple_python_15,1.0,0.0,1.0
0.6,tool_selection,20,simple_python_158,1.0,1.0,0.0
0.6,tool_selection,20,simple_python_170,1.0,1.0,0.0
0.6,tool_selection,20,simple_python_207,1.0,0.0,1.0
0.6,tool_selection,20,simple_python_228,1.0,1.0,0.0
0.6,tool_selection,20,simple_python_237,1.0,0.0,1.0
0.6,tool_selection,20,simple_python_239,1.0,1.0,0.0
0.6,tool_selection,20,simple_python_275,1.0,0.0,1.0
0.6,tool_selection,20,simple_python_288,1.0,0.0,1.0
0.6,tool_selection,20,simple_python_366,1.0,0.0,1.0
0.6,tool_selection,20,simple_python_398,1.0,1.0,0.0
0.6,tool_selection,20,simple_python_44,1.0,0.0,1.0
0.6,tool_selection,20,simple_python_77,1.0,0.0,1.0
0.6,tool_selection,20,simple_python_86,1.0,0.0,1.0
0.6,tool_selection,20,simple_python_97,1.0,1.0,0.0
0.6,tool_selection,20,simple_python_98,0.0,1.0,-1.0
0.6,tool_selection,21,simple_python_102,0.0,0.0,0.0
0.6,tool_selection,21,simple_python_112,0.0,0.0,0.0
0.6,tool_selection,21,simple_python_129,0.0,0.0,0.0
0.6,tool_selection,21,simple_python_143,1.0,0.0,1.0
0.6,tool_selection,21,simple_python_15,1.0,0.0,1.0
0.6,tool_selection,21,simple_python_158,1.0,0.0,1.0
0.6,tool_selection,21,simple_python_170,1.0,0.0,1.0
0.6,tool_selection,21,simple_python_207,1.0,0.0,1.0
0.6,tool_selection,21,simple_python_228,1.0,0.0,1.0
0.6,tool_selection,21,simple_python_237,1.0,0.0,1.0
0.6,tool_selection,21,simple_python_239,1.0,0.0,1.0
0.6,tool_selection,21,simple_python_275,1.0,0.0,1.0
0.6,tool_selection,21,simple_python_288,1.0,0.0,1.0
0.6,tool_selection,21,simple_python_366,1.0,0.0,1.0
0.6,tool_selection,21,simple_python_398,1.0,0.0,1.0
0.6,tool_selection,21,simple_python_44,1.0,0.0,1.0
0.6,tool_selection,21,simple_python_77,1.0,0.0,1.0
0.6,tool_selection,21,simple_python_86,1.0,0.0,1.0
0.6,tool_selection,21,simple_python_97,1.0,0.0,1.0
0.6,tool_selection,21,simple_python_98,0.0,0.0,0.0
0.6,tool_selection,22,simple_python_102,0.0,0.0,0.0
0.6,tool_selection,22,simple_python_112,0.0,0.0,0.0
0.6,tool_selection,22,simple_python_129,0.0,0.0,0.0
0.6,tool_selection,22,simple_python_143,1.0,0.0,1.0
0.6,tool_selection,22,simple_python_15,1.0,1.0,0.0
0.6,tool_selection,22,simple_python_158,1.0,0.0,1.0
0.6,tool_selection,22,simple_python_170,1.0,0.0,1.0
0.6,tool_selection,22,simple_python_207,1.0,0.0,1.0
0.6,tool_selection,22,simple_python_228,1.0,0.0,1.0
0.6,tool_selection,22,simple_python_237,1.0,0.0,1.0
0.6,tool_selection,22,simple_python_239,1.0,0.0,1.0
0.6,tool_selection,22,simple_python_275,1.0,0.0,1.0
0.6,tool_selection,22,simple_python_288,1.0,0.0,1.0
0.6,tool_selection,22,simple_python_366,1.0,1.0,0.0
0.6,tool_selection,22,simple_python_398,1.0,0.0,1.0
0.6,tool_selection,22,simple_python_44,1.0,0.0,1.0
0.6,tool_selection,22,simple_python_77,1.0,0.0,1.0
0.6,tool_selection,22,simple_python_86,1.0,0.0,1.0
0.6,tool_selection,22,simple_python_97,1.0,0.0,1.0
0.6,tool_selection,22,simple_python_98,0.0,0.0,0.0
0.6,tool_selection,23,simple_python_102,0.0,1.0,-1.0
0.6,tool_selection,23,simple_python_112,0.0,1.0,-1.0
0.6,tool_selection,23,simple_python_129,0.0,1.0,-1.0
0.6,tool_selection,23,simple_python_143,1.0,1.0,0.0
0.6,tool_selection,23,simple_python_15,1.0,1.0,0.0
0.6,tool_selection,23,simple_python_158,1.0,1.0,0.0
0.6,tool_selection,23,simple_python_170,1.0,1.0,0.0
0.6,tool_selection,23,simple_python_207,1.0,1.0,0.0
0.6,tool_selection,23,simple_python_228,1.0,1.0,0.0
0.6,tool_selection,23,simple_python_237,1.0,1.0,0.0
0.6,tool_selection,23,simple_python_239,1.0,1.0,0.0
0.6,tool_selection,23,simple_python_275,1.0,1.0,0.0
0.6,tool_selection,23,simple_python_288,1.0,1.0,0.0
0.6,tool_selection,23,simple_python_366,1.0,1.0,0.0
0.6,tool_selection,23,simple_python_398,1.0,1.0,0.0
0.6,tool_selection,23,simple_python_44,1.0,1.0,0.0
0.6,tool_selection,23,simple_python_77,1.0,0.0,1.0
0.6,tool_selection,23,simple_python_86,1.0,1.0,0.0
0.6,tool_selection,23,simple_python_97,1.0,0.0,1.0
0.6,tool_selection,23,simple_python_98,0.0,1.0,-1.0
0.6,tool_selection,24,simple_python_102,0.0,0.0,0.0
0.6,tool_selection,24,simple_python_112,0.0,0.0,0.0
0.6,tool_selection,24,simple_python_129,0.0,0.0,0.0
0.6,tool_selection,24,simple_python_143,1.0,0.0,1.0
0.6,tool_selection,24,simple_python_15,1.0,0.0,1.0
0.6,tool_selection,24,simple_python_158,1.0,0.0,1.0
0.6,tool_selection,24,simple_python_170,1.0,0.0,1.0
0.6,tool_selection,24,simple_python_207,1.0,0.0,1.0
0.6,tool_selection,24,simple_python_228,1.0,0.0,1.0
0.6,tool_selection,24,simple_python_237,1.0,0.0,1.0
0.6,tool_selection,24,simple_python_239,1.0,0.0,1.0
0.6,tool_selection,24,simple_python_275,1.0,0.0,1.0
0.6,tool_selection,24,simple_python_288,1.0,0.0,1.0
0.6,tool_selection,24,simple_python_366,1.0,0.0,1.0
0.6,tool_selection,24,simple_python_398,1.0,0.0,1.0
0.6,tool_selection,24,simple_python_44,1.0,0.0,1.0
0.6,tool_selection,24,simple_python_77,1.0,1.0,0.0
0.6,tool_selection,24,simple_python_86,1.0,0.0,1.0
0.6,tool_selection,24,simple_python_97,1.0,0.0,1.0
0.6,tool_selection,24,simple_python_98,0.0,0.0,0.0
0.6,tool_selection,25,simple_python_102,0.0,0.0,0.0
0.6,tool_selection,25,simple_python_112,0.0,0.0,0.0
0.6,tool_selection,25,simple_python_129,0.0,0.0,0.0
0.6,tool_selection,25,simple_python_143,1.0,0.0,1.0
0.6,tool_selection,25,simple_python_15,1.0,1.0,0.0
0.6,tool_selection,25,simple_python_158,1.0,1.0,0.0
0.6,tool_selection,25,simple_python_170,1.0,1.0,0.0
0.6,tool_selection,25,simple_python_207,1.0,1.0,0.0
0.6,tool_selection,25,simple_python_228,1.0,1.0,0.0
0.6,tool_selection,25,simple_python_237,1.0,1.0,0.0
0.6,tool_selection,25,simple_python_239,1.0,0.0,1.0
0.6,tool_selection,25,simple_python_275,1.0,1.0,0.0
0.6,tool_selection,25,simple_python_288,1.0,0.0,1.0
0.6,tool_selection,25,simple_python_366,1.0,1.0,0.0
0.6,tool_selection,25,simple_python_398,1.0,1.0,0.0
0.6,tool_selection,25,simple_python_44,1.0,1.0,0.0
0.6,tool_selection,25,simple_python_77,1.0,0.0,1.0
0.6,tool_selection,25,simple_python_86,1.0,0.0,1.0
0.6,tool_selection,25,simple_python_97,1.0,0.0,1.0
0.6,tool_selection,25,simple_python_98,0.0,0.0,0.0
0.6,tool_selection,26,simple_python_102,0.0,0.0,0.0
0.6,tool_selection,26,simple_python_112,0.0,0.0,0.0
0.6,tool_selection,26,simple_python_129,0.0,0.0,0.0
0.6,tool_selection,26,simple_python_143,1.0,0.0,1.0
0.6,tool_selection,26,simple_python_15,1.0,0.0,1.0
0.6,tool_selection,26,simple_python_158,1.0,0.0,1.0
0.6,tool_selection,26,simple_python_170,1.0,0.0,1.0
0.6,tool_selection,26,simple_python_207,1.0,0.0,1.0
0.6,tool_selection,26,simple_python_228,1.0,0.0,1.0
0.6,tool_selection,26,simple_python_237,1.0,0.0,1.0
0.6,tool_selection,26,simple_python_239,1.0,0.0,1.0
0.6,tool_selection,26,simple_python_275,1.0,0.0,1.0
0.6,tool_selection,26,simple_python_288,1.0,0.0,1.0
0.6,tool_selection,26,simple_python_366,1.0,0.0,1.0
0.6,tool_selection,26,simple_python_398,1.0,0.0,1.0
0.6,tool_selection,26,simple_python_44,1.0,0.0,1.0
0.6,tool_selection,26,simple_python_77,1.0,0.0,1.0
0.6,tool_selection,26,simple_python_86,1.0,0.0,1.0
0.6,tool_selection,26,simple_python_97,1.0,0.0,1.0
0.6,tool_selection,26,simple_python_98,0.0,0.0,0.0
0.6,tool_selection,27,simple_python_102,0.0,0.0,0.0
0.6,tool_selection,27,simple_python_112,0.0,0.0,0.0
0.6,tool_selection,27,simple_python_129,0.0,0.0,0.0
0.6,tool_selection,27,simple_python_143,1.0,0.0,1.0
0.6,tool_selection,27,simple_python_15,1.0,0.0,1.0
0.6,tool_selection,27,simple_python_158,1.0,0.0,1.0
0.6,tool_selection,27,simple_python_170,1.0,0.0,1.0
0.6,tool_selection,27,simple_python_207,1.0,0.0,1.0
0.6,tool_selection,27,simple_python_228,1.0,0.0,1.0
0.6,tool_selection,27,simple_python_237,1.0,0.0,1.0
0.6,tool_selection,27,simple_python_239,1.0,0.0,1.0
0.6,tool_selection,27,simple_python_275,1.0,1.0,0.0
0.6,tool_selection,27,simple_python_288,1.0,1.0,0.0
0.6,tool_selection,27,simple_python_366,1.0,0.0,1.0
0.6,tool_selection,27,simple_python_398,1.0,1.0,0.0
0.6,tool_selection,27,simple_python_44,1.0,0.0,1.0
0.6,tool_selection,27,simple_python_77,1.0,0.0,1.0
0.6,tool_selection,27,simple_python_86,1.0,1.0,0.0
0.6,tool_selection,27,simple_python_97,1.0,0.0,1.0
0.6,tool_selection,27,simple_python_98,0.0,0.0,0.0
0.6,argument_binding,0,simple_python_102,0.0,0.0,0.0
0.6,argument_binding,0,simple_python_112,0.0,0.0,0.0
0.6,argument_binding,0,simple_python_129,0.0,0.0,0.0
0.6,argument_binding,0,simple_python_143,1.0,0.0,1.0
0.6,argument_binding,0,simple_python_15,1.0,0.0,1.0
0.6,argument_binding,0,simple_python_158,0.0,0.0,0.0
0.6,argument_binding,0,simple_python_170,1.0,0.0,1.0
0.6,argument_binding,0,simple_python_207,1.0,0.0,1.0
0.6,argument_binding,0,simple_python_228,1.0,0.0,1.0
0.6,argument_binding,0,simple_python_237,1.0,0.0,1.0
0.6,argument_binding,0,simple_python_239,1.0,0.0,1.0
0.6,argument_binding,0,simple_python_275,1.0,0.0,1.0
0.6,argument_binding,0,simple_python_288,1.0,0.0,1.0
0.6,argument_binding,0,simple_python_366,1.0,0.0,1.0
0.6,argument_binding,0,simple_python_398,1.0,0.0,1.0
0.6,argument_binding,0,simple_python_44,1.0,0.0,1.0
0.6,argument_binding,0,simple_python_77,0.0,0.0,0.0
0.6,argument_binding,0,simple_python_86,0.0,0.0,0.0
0.6,argument_binding,0,simple_python_97,1.0,0.0,1.0
0.6,argument_binding,0,simple_python_98,0.0,0.0,0.0
0.6,argument_binding,1,simple_python_102,0.0,0.0,0.0
0.6,argument_binding,1,simple_python_112,0.0,0.0,0.0
0.6,argument_binding,1,simple_python_129,0.0,0.0,0.0
0.6,argument_binding,1,simple_python_143,1.0,0.0,1.0
0.6,argument_binding,1,simple_python_15,1.0,0.0,1.0
0.6,argument_binding,1,simple_python_158,0.0,0.0,0.0
0.6,argument_binding,1,simple_python_170,1.0,0.0,1.0
0.6,argument_binding,1,simple_python_207,1.0,0.0,1.0
0.6,argument_binding,1,simple_python_228,1.0,0.0,1.0
0.6,argument_binding,1,simple_python_237,1.0,0.0,1.0
0.6,argument_binding,1,simple_python_239,1.0,0.0,1.0
0.6,argument_binding,1,simple_python_275,1.0,0.0,1.0
0.6,argument_binding,1,simple_python_288,1.0,0.0,1.0
0.6,argument_binding,1,simple_python_366,1.0,0.0,1.0
0.6,argument_binding,1,simple_python_398,1.0,0.0,1.0
0.6,argument_binding,1,simple_python_44,1.0,0.0,1.0
0.6,argument_binding,1,simple_python_77,0.0,0.0,0.0
0.6,argument_binding,1,simple_python_86,0.0,0.0,0.0
0.6,argument_binding,1,simple_python_97,1.0,0.0,1.0
0.6,argument_binding,1,simple_python_98,0.0,0.0,0.0
0.6,argument_binding,2,simple_python_102,0.0,0.0,0.0
0.6,argument_binding,2,simple_python_112,0.0,0.0,0.0
0.6,argument_binding,2,simple_python_129,0.0,0.0,0.0
0.6,argument_binding,2,simple_python_143,1.0,0.0,1.0
0.6,argument_binding,2,simple_python_15,1.0,0.0,1.0
0.6,argument_binding,2,simple_python_158,0.0,0.0,0.0
0.6,argument_binding,2,simple_python_170,1.0,0.0,1.0
0.6,argument_binding,2,simple_python_207,1.0,0.0,1.0
0.6,argument_binding,2,simple_python_228,1.0,0.0,1.0
0.6,argument_binding,2,simple_python_237,1.0,0.0,1.0
0.6,argument_binding,2,simple_python_239,1.0,0.0,1.0
0.6,argument_binding,2,simple_python_275,1.0,0.0,1.0
0.6,argument_binding,2,simple_python_288,1.0,0.0,1.0
0.6,argument_binding,2,simple_python_366,1.0,0.0,1.0
0.6,argument_binding,2,simple_python_398,1.0,0.0,1.0
0.6,argument_binding,2,simple_python_44,1.0,0.0,1.0
0.6,argument_binding,2,simple_python_77,0.0,0.0,0.0
0.6,argument_binding,2,simple_python_86,0.0,0.0,0.0
0.6,argument_binding,2,simple_python_97,1.0,0.0,1.0
0.6,argument_binding,2,simple_python_98,0.0,0.0,0.0
0.6,argument_binding,3,simple_python_102,0.0,0.0,0.0
0.6,argument_binding,3,simple_python_112,0.0,0.0,0.0
0.6,argument_binding,3,simple_python_129,0.0,0.0,0.0
0.6,argument_binding,3,simple_python_143,1.0,1.0,0.0
0.6,argument_binding,3,simple_python_15,1.0,0.0,1.0
0.6,argument_binding,3,simple_python_158,0.0,0.0,0.0
0.6,argument_binding,3,simple_python_170,1.0,0.0,1.0
0.6,argument_binding,3,simple_python_207,1.0,1.0,0.0
0.6,argument_binding,3,simple_python_228,1.0,0.0,1.0
0.6,argument_binding,3,simple_python_237,1.0,0.0,1.0
0.6,argument_binding,3,simple_python_239,1.0,0.0,1.0
0.6,argument_binding,3,simple_python_275,1.0,0.0,1.0
0.6,argument_binding,3,simple_python_288,1.0,1.0,0.0
0.6,argument_binding,3,simple_python_366,1.0,1.0,0.0
0.6,argument_binding,3,simple_python_398,1.0,0.0,1.0
0.6,argument_binding,3,simple_python_44,1.0,0.0,1.0
0.6,argument_binding,3,simple_python_77,0.0,0.0,0.0
0.6,argument_binding,3,simple_python_86,0.0,0.0,0.0
0.6,argument_binding,3,simple_python_97,1.0,0.0,1.0
0.6,argument_binding,3,simple_python_98,0.0,0.0,0.0
0.6,argument_binding,4,simple_python_102,0.0,0.0,0.0
0.6,argument_binding,4,simple_python_112,0.0,0.0,0.0
0.6,argument_binding,4,simple_python_129,0.0,0.0,0.0
0.6,argument_binding,4,simple_python_143,1.0,0.0,1.0
0.6,argument_binding,4,simple_python_15,1.0,1.0,0.0
0.6,argument_binding,4,simple_python_158,0.0,0.0,0.0
0.6,argument_binding,4,simple_python_170,1.0,0.0,1.0
0.6,argument_binding,4,simple_python_207,1.0,0.0,1.0
0.6,argument_binding,4,simple_python_228,1.0,0.0,1.0
0.6,argument_binding,4,simple_python_237,1.0,0.0,1.0
0.6,argument_binding,4,simple_python_239,1.0,0.0,1.0
0.6,argument_binding,4,simple_python_275,1.0,0.0,1.0
0.6,argument_binding,4,simple_python_288,1.0,0.0,1.0
0.6,argument_binding,4,simple_python_366,1.0,0.0,1.0
0.6,argument_binding,4,simple_python_398,1.0,0.0,1.0
0.6,argument_binding,4,simple_python_44,1.0,0.0,1.0
0.6,argument_binding,4,simple_python_77,0.0,0.0,0.0
0.6,argument_binding,4,simple_python_86,0.0,0.0,0.0
0.6,argument_binding,4,simple_python_97,1.0,0.0,1.0
0.6,argument_binding,4,simple_python_98,0.0,0.0,0.0
0.6,argument_binding,5,simple_python_102,0.0,0.0,0.0
0.6,argument_binding,5,simple_python_112,0.0,0.0,0.0
0.6,argument_binding,5,simple_python_129,0.0,1.0,-1.0
0.6,argument_binding,5,simple_python_143,1.0,1.0,0.0
0.6,argument_binding,5,simple_python_15,1.0,1.0,0.0
0.6,argument_binding,5,simple_python_158,0.0,0.0,0.0
0.6,argument_binding,5,simple_python_170,1.0,0.0,1.0
0.6,argument_binding,5,simple_python_207,1.0,1.0,0.0
0.6,argument_binding,5,simple_python_228,1.0,1.0,0.0
0.6,argument_binding,5,simple_python_237,1.0,0.0,1.0
0.6,argument_binding,5,simple_python_239,1.0,1.0,0.0
0.6,argument_binding,5,simple_python_275,1.0,0.0,1.0
0.6,argument_binding,5,simple_python_288,1.0,0.0,1.0
0.6,argument_binding,5,simple_python_366,1.0,1.0,0.0
0.6,argument_binding,5,simple_python_398,1.0,0.0,1.0
0.6,argument_binding,5,simple_python_44,1.0,0.0,1.0
0.6,argument_binding,5,simple_python_77,0.0,0.0,0.0
0.6,argument_binding,5,simple_python_86,0.0,0.0,0.0
0.6,argument_binding,5,simple_python_97,1.0,0.0,1.0
0.6,argument_binding,5,simple_python_98,0.0,0.0,0.0
0.6,argument_binding,6,simple_python_102,0.0,0.0,0.0
0.6,argument_binding,6,simple_python_112,0.0,0.0,0.0
0.6,argument_binding,6,simple_python_129,0.0,0.0,0.0
0.6,argument_binding,6,simple_python_143,1.0,0.0,1.0
0.6,argument_binding,6,simple_python_15,1.0,0.0,1.0
0.6,argument_binding,6,simple_python_158,0.0,0.0,0.0
0.6,argument_binding,6,simple_python_170,1.0,0.0,1.0
0.6,argument_binding,6,simple_python_207,1.0,0.0,1.0
0.6,argument_binding,6,simple_python_228,1.0,0.0,1.0
0.6,argument_binding,6,simple_python_237,1.0,0.0,1.0
0.6,argument_binding,6,simple_python_239,1.0,0.0,1.0
0.6,argument_binding,6,simple_python_275,1.0,0.0,1.0
0.6,argument_binding,6,simple_python_288,1.0,0.0,1.0
0.6,argument_binding,6,simple_python_366,1.0,0.0,1.0
0.6,argument_binding,6,simple_python_398,1.0,0.0,1.0
0.6,argument_binding,6,simple_python_44,1.0,0.0,1.0
0.6,argument_binding,6,simple_python_77,0.0,0.0,0.0
0.6,argument_binding,6,simple_python_86,0.0,0.0,0.0
0.6,argument_binding,6,simple_python_97,1.0,0.0,1.0
0.6,argument_binding,6,simple_python_98,0.0,0.0,0.0
0.6,argument_binding,7,simple_python_102,0.0,1.0,-1.0
0.6,argument_binding,7,simple_python_112,0.0,0.0,0.0
0.6,argument_binding,7,simple_python_129,0.0,1.0,-1.0
0.6,argument_binding,7,simple_python_143,1.0,1.0,0.0
0.6,argument_binding,7,simple_python_15,1.0,1.0,0.0
0.6,argument_binding,7,simple_python_158,0.0,0.0,0.0
0.6,argument_binding,7,simple_python_170,1.0,1.0,0.0
0.6,argument_binding,7,simple_python_207,1.0,1.0,0.0
0.6,argument_binding,7,simple_python_228,1.0,1.0,0.0
0.6,argument_binding,7,simple_python_237,1.0,1.0,0.0
0.6,argument_binding,7,simple_python_239,1.0,1.0,0.0
0.6,argument_binding,7,simple_python_275,1.0,1.0,0.0
0.6,argument_binding,7,simple_python_288,1.0,1.0,0.0
0.6,argument_binding,7,simple_python_366,1.0,1.0,0.0
0.6,argument_binding,7,simple_python_398,1.0,1.0,0.0
0.6,argument_binding,7,simple_python_44,1.0,1.0,0.0
0.6,argument_binding,7,simple_python_77,0.0,0.0,0.0
0.6,argument_binding,7,simple_python_86,0.0,0.0,0.0
0.6,argument_binding,7,simple_python_97,1.0,1.0,0.0
0.6,argument_binding,7,simple_python_98,0.0,1.0,-1.0
0.6,argument_binding,8,simple_python_102,0.0,0.0,0.0
0.6,argument_binding,8,simple_python_112,0.0,0.0,0.0
0.6,argument_binding,8,simple_python_129,0.0,1.0,-1.0
0.6,argument_binding,8,simple_python_143,1.0,1.0,0.0
0.6,argument_binding,8,simple_python_15,1.0,1.0,0.0
0.6,argument_binding,8,simple_python_158,0.0,0.0,0.0
0.6,argument_binding,8,simple_python_170,1.0,1.0,0.0
0.6,argument_binding,8,simple_python_207,1.0,1.0,0.0
0.6,argument_binding,8,simple_python_228,1.0,1.0,0.0
0.6,argument_binding,8,simple_python_237,1.0,1.0,0.0
0.6,argument_binding,8,simple_python_239,1.0,0.0,1.0
0.6,argument_binding,8,simple_python_275,1.0,1.0,0.0
0.6,argument_binding,8,simple_python_288,1.0,1.0,0.0
0.6,argument_binding,8,simple_python_366,1.0,1.0,0.0
0.6,argument_binding,8,simple_python_398,1.0,1.0,0.0
0.6,argument_binding,8,simple_python_44,1.0,1.0,0.0
0.6,argument_binding,8,simple_python_77,0.0,0.0,0.0
0.6,argument_binding,8,simple_python_86,0.0,0.0,0.0
0.6,argument_binding,8,simple_python_97,1.0,1.0,0.0
0.6,argument_binding,8,simple_python_98,0.0,1.0,-1.0
0.6,argument_binding,9,simple_python_102,0.0,0.0,0.0
0.6,argument_binding,9,simple_python_112,0.0,0.0,0.0
0.6,argument_binding,9,simple_python_129,0.0,0.0,0.0
0.6,argument_binding,9,simple_python_143,1.0,0.0,1.0
0.6,argument_binding,9,simple_python_15,1.0,0.0,1.0
0.6,argument_binding,9,simple_python_158,0.0,0.0,0.0
0.6,argument_binding,9,simple_python_170,1.0,0.0,1.0
0.6,argument_binding,9,simple_python_207,1.0,0.0,1.0
0.6,argument_binding,9,simple_python_228,1.0,0.0,1.0
0.6,argument_binding,9,simple_python_237,1.0,0.0,1.0
0.6,argument_binding,9,simple_python_239,1.0,0.0,1.0
0.6,argument_binding,9,simple_python_275,1.0,0.0,1.0
0.6,argument_binding,9,simple_python_288,1.0,0.0,1.0
0.6,argument_binding,9,simple_python_366,1.0,0.0,1.0
0.6,argument_binding,9,simple_python_398,1.0,0.0,1.0
0.6,argument_binding,9,simple_python_44,1.0,0.0,1.0
0.6,argument_binding,9,simple_python_77,0.0,0.0,0.0
0.6,argument_binding,9,simple_python_86,0.0,0.0,0.0
0.6,argument_binding,9,simple_python_97,1.0,0.0,1.0
0.6,argument_binding,9,simple_python_98,0.0,0.0,0.0
0.6,argument_binding,10,simple_python_102,0.0,0.0,0.0
0.6,argument_binding,10,simple_python_112,0.0,0.0,0.0
0.6,argument_binding,10,simple_python_129,0.0,0.0,0.0
0.6,argument_binding,10,simple_python_143,1.0,0.0,1.0
0.6,argument_binding,10,simple_python_15,1.0,0.0,1.0
0.6,argument_binding,10,simple_python_158,0.0,0.0,0.0
0.6,argument_binding,10,simple_python_170,1.0,0.0,1.0
0.6,argument_binding,10,simple_python_207,1.0,0.0,1.0
0.6,argument_binding,10,simple_python_228,1.0,0.0,1.0
0.6,argument_binding,10,simple_python_237,1.0,0.0,1.0
0.6,argument_binding,10,simple_python_239,1.0,0.0,1.0
0.6,argument_binding,10,simple_python_275,1.0,0.0,1.0
0.6,argument_binding,10,simple_python_288,1.0,0.0,1.0
0.6,argument_binding,10,simple_python_366,1.0,0.0,1.0
0.6,argument_binding,10,simple_python_398,1.0,0.0,1.0
0.6,argument_binding,10,simple_python_44,1.0,0.0,1.0
0.6,argument_binding,10,simple_python_77,0.0,0.0,0.0
0.6,argument_binding,10,simple_python_86,0.0,0.0,0.0
0.6,argument_binding,10,simple_python_97,1.0,0.0,1.0
0.6,argument_binding,10,simple_python_98,0.0,0.0,0.0
0.6,argument_binding,11,simple_python_102,0.0,0.0,0.0
0.6,argument_binding,11,simple_python_112,0.0,0.0,0.0
0.6,argument_binding,11,simple_python_129,0.0,0.0,0.0
0.6,argument_binding,11,simple_python_143,1.0,0.0,1.0
0.6,argument_binding,11,simple_python_15,1.0,0.0,1.0
0.6,argument_binding,11,simple_python_158,0.0,0.0,0.0
0.6,argument_binding,11,simple_python_170,1.0,0.0,1.0
0.6,argument_binding,11,simple_python_207,1.0,0.0,1.0
0.6,argument_binding,11,simple_python_228,1.0,1.0,0.0
0.6,argument_binding,11,simple_python_237,1.0,0.0,1.0
0.6,argument_binding,11,simple_python_239,1.0,0.0,1.0
0.6,argument_binding,11,simple_python_275,1.0,1.0,0.0
0.6,argument_binding,11,simple_python_288,1.0,0.0,1.0
0.6,argument_binding,11,simple_python_366,1.0,1.0,0.0
0.6,argument_binding,11,simple_python_398,1.0,0.0,1.0
0.6,argument_binding,11,simple_python_44,1.0,0.0,1.0
0.6,argument_binding,11,simple_python_77,0.0,0.0,0.0
0.6,argument_binding,11,simple_python_86,0.0,1.0,-1.0
0.6,argument_binding,11,simple_python_97,1.0,0.0,1.0
0.6,argument_binding,11,simple_python_98,0.0,0.0,0.0
0.6,argument_binding,12,simple_python_102,0.0,0.0,0.0
0.6,argument_binding,12,simple_python_112,0.0,0.0,0.0
0.6,argument_binding,12,simple_python_129,0.0,0.0,0.0
0.6,argument_binding,12,simple_python_143,1.0,0.0,1.0
0.6,argument_binding,12,simple_python_15,1.0,1.0,0.0
0.6,argument_binding,12,simple_python_158,0.0,1.0,-1.0
0.6,argument_binding,12,simple_python_170,1.0,0.0,1.0
0.6,argument_binding,12,simple_python_207,1.0,0.0,1.0
0.6,argument_binding,12,simple_python_228,1.0,1.0,0.0
0.6,argument_binding,12,simple_python_237,1.0,0.0,1.0
0.6,argument_binding,12,simple_python_239,1.0,0.0,1.0
0.6,argument_binding,12,simple_python_275,1.0,1.0,0.0
0.6,argument_binding,12,simple_python_288,1.0,0.0,1.0
0.6,argument_binding,12,simple_python_366,1.0,0.0,1.0
0.6,argument_binding,12,simple_python_398,1.0,0.0,1.0
0.6,argument_binding,12,simple_python_44,1.0,0.0,1.0
0.6,argument_binding,12,simple_python_77,0.0,0.0,0.0
0.6,argument_binding,12,simple_python_86,0.0,0.0,0.0
0.6,argument_binding,12,simple_python_97,1.0,1.0,0.0
0.6,argument_binding,12,simple_python_98,0.0,0.0,0.0
0.6,argument_binding,13,simple_python_102,0.0,1.0,-1.0
0.6,argument_binding,13,simple_python_112,0.0,1.0,-1.0
0.6,argument_binding,13,simple_python_129,0.0,0.0,0.0
0.6,argument_binding,13,simple_python_143,1.0,1.0,0.0
0.6,argument_binding,13,simple_python_15,1.0,1.0,0.0
0.6,argument_binding,13,simple_python_158,0.0,0.0,0.0
0.6,argument_binding,13,simple_python_170,1.0,1.0,0.0
0.6,argument_binding,13,simple_python_207,1.0,1.0,0.0
0.6,argument_binding,13,simple_python_228,1.0,0.0,1.0
0.6,argument_binding,13,simple_python_237,1.0,1.0,0.0
0.6,argument_binding,13,simple_python_239,1.0,1.0,0.0
0.6,argument_binding,13,simple_python_275,1.0,1.0,0.0
0.6,argument_binding,13,simple_python_288,1.0,0.0,1.0
0.6,argument_binding,13,simple_python_366,1.0,1.0,0.0
0.6,argument_binding,13,simple_python_398,1.0,1.0,0.0
0.6,argument_binding,13,simple_python_44,1.0,1.0,0.0
0.6,argument_binding,13,simple_python_77,0.0,0.0,0.0
0.6,argument_binding,13,simple_python_86,0.0,0.0,0.0
0.6,argument_binding,13,simple_python_97,1.0,0.0,1.0
0.6,argument_binding,13,simple_python_98,0.0,1.0,-1.0
0.6,argument_binding,14,simple_python_102,0.0,0.0,0.0
0.6,argument_binding,14,simple_python_112,0.0,0.0,0.0
0.6,argument_binding,14,simple_python_129,0.0,0.0,0.0
0.6,argument_binding,14,simple_python_143,1.0,0.0,1.0
0.6,argument_binding,14,simple_python_15,1.0,0.0,1.0
0.6,argument_binding,14,simple_python_158,0.0,0.0,0.0
0.6,argument_binding,14,simple_python_170,1.0,0.0,1.0
0.6,argument_binding,14,simple_python_207,1.0,0.0,1.0
0.6,argument_binding,14,simple_python_228,1.0,0.0,1.0
0.6,argument_binding,14,simple_python_237,1.0,0.0,1.0
0.6,argument_binding,14,simple_python_239,1.0,0.0,1.0
0.6,argument_binding,14,simple_python_275,1.0,0.0,1.0
0.6,argument_binding,14,simple_python_288,1.0,0.0,1.0
0.6,argument_binding,14,simple_python_366,1.0,0.0,1.0
0.6,argument_binding,14,simple_python_398,1.0,0.0,1.0
0.6,argument_binding,14,simple_python_44,1.0,0.0,1.0
0.6,argument_binding,14,simple_python_77,0.0,0.0,0.0
0.6,argument_binding,14,simple_python_86,0.0,0.0,0.0
0.6,argument_binding,14,simple_python_97,1.0,0.0,1.0
0.6,argument_binding,14,simple_python_98,0.0,0.0,0.0
0.6,argument_binding,15,simple_python_102,0.0,0.0,0.0
0.6,argument_binding,15,simple_python_112,0.0,1.0,-1.0
0.6,argument_binding,15,simple_python_129,0.0,0.0,0.0
0.6,argument_binding,15,simple_python_143,1.0,1.0,0.0
0.6,argument_binding,15,simple_python_15,1.0,1.0,0.0
0.6,argument_binding,15,simple_python_158,0.0,0.0,0.0
0.6,argument_binding,15,simple_python_170,1.0,0.0,1.0
0.6,argument_binding,15,simple_python_207,1.0,1.0,0.0
0.6,argument_binding,15,simple_python_228,1.0,1.0,0.0
0.6,argument_binding,15,simple_python_237,1.0,0.0,1.0
0.6,argument_binding,15,simple_python_239,1.0,1.0,0.0
0.6,argument_binding,15,simple_python_275,1.0,1.0,0.0
0.6,argument_binding,15,simple_python_288,1.0,0.0,1.0
0.6,argument_binding,15,simple_python_366,1.0,1.0,0.0
0.6,argument_binding,15,simple_python_398,1.0,1.0,0.0
0.6,argument_binding,15,simple_python_44,1.0,1.0,0.0
0.6,argument_binding,15,simple_python_77,0.0,0.0,0.0
0.6,argument_binding,15,simple_python_86,0.0,0.0,0.0
0.6,argument_binding,15,simple_python_97,1.0,1.0,0.0
0.6,argument_binding,15,simple_python_98,0.0,1.0,-1.0
0.6,argument_binding,16,simple_python_102,0.0,1.0,-1.0
0.6,argument_binding,16,simple_python_112,0.0,0.0,0.0
0.6,argument_binding,16,simple_python_129,0.0,0.0,0.0
0.6,argument_binding,16,simple_python_143,1.0,1.0,0.0
0.6,argument_binding,16,simple_python_15,1.0,1.0,0.0
0.6,argument_binding,16,simple_python_158,0.0,0.0,0.0
0.6,argument_binding,16,simple_python_170,1.0,1.0,0.0
0.6,argument_binding,16,simple_python_207,1.0,1.0,0.0
0.6,argument_binding,16,simple_python_228,1.0,1.0,0.0
0.6,argument_binding,16,simple_python_237,1.0,1.0,0.0
0.6,argument_binding,16,simple_python_239,1.0,1.0,0.0
0.6,argument_binding,16,simple_python_275,1.0,1.0,0.0
0.6,argument_binding,16,simple_python_288,1.0,1.0,0.0
0.6,argument_binding,16,simple_python_366,1.0,1.0,0.0
0.6,argument_binding,16,simple_python_398,1.0,1.0,0.0
0.6,argument_binding,16,simple_python_44,1.0,1.0,0.0
0.6,argument_binding,16,simple_python_77,0.0,1.0,-1.0
0.6,argument_binding,16,simple_python_86,0.0,1.0,-1.0
0.6,argument_binding,16,simple_python_97,1.0,1.0,0.0
0.6,argument_binding,16,simple_python_98,0.0,1.0,-1.0
0.6,argument_binding,17,simple_python_102,0.0,0.0,0.0
0.6,argument_binding,17,simple_python_112,0.0,0.0,0.0
0.6,argument_binding,17,simple_python_129,0.0,0.0,0.0
0.6,argument_binding,17,simple_python_143,1.0,1.0,0.0
0.6,argument_binding,17,simple_python_15,1.0,1.0,0.0
0.6,argument_binding,17,simple_python_158,0.0,0.0,0.0
0.6,argument_binding,17,simple_python_170,1.0,0.0,1.0
0.6,argument_binding,17,simple_python_207,1.0,1.0,0.0
0.6,argument_binding,17,simple_python_228,1.0,0.0,1.0
0.6,argument_binding,17,simple_python_237,1.0,0.0,1.0
0.6,argument_binding,17,simple_python_239,1.0,0.0,1.0
0.6,argument_binding,17,simple_python_275,1.0,1.0,0.0
0.6,argument_binding,17,simple_python_288,1.0,0.0,1.0
0.6,argument_binding,17,simple_python_366,1.0,0.0,1.0
0.6,argument_binding,17,simple_python_398,1.0,1.0,0.0
0.6,argument_binding,17,simple_python_44,1.0,1.0,0.0
0.6,argument_binding,17,simple_python_77,0.0,0.0,0.0
0.6,argument_binding,17,simple_python_86,0.0,0.0,0.0
0.6,argument_binding,17,simple_python_97,1.0,0.0,1.0
0.6,argument_binding,17,simple_python_98,0.0,1.0,-1.0
0.6,argument_binding,18,simple_python_102,0.0,0.0,0.0
0.6,argument_binding,18,simple_python_112,0.0,0.0,0.0
0.6,argument_binding,18,simple_python_129,0.0,0.0,0.0
0.6,argument_binding,18,simple_python_143,1.0,0.0,1.0
0.6,argument_binding,18,simple_python_15,1.0,0.0,1.0
0.6,argument_binding,18,simple_python_158,0.0,0.0,0.0
0.6,argument_binding,18,simple_python_170,1.0,0.0,1.0
0.6,argument_binding,18,simple_python_207,1.0,0.0,1.0
0.6,argument_binding,18,simple_python_228,1.0,0.0,1.0
0.6,argument_binding,18,simple_python_237,1.0,0.0,1.0
0.6,argument_binding,18,simple_python_239,1.0,0.0,1.0
0.6,argument_binding,18,simple_python_275,1.0,0.0,1.0
0.6,argument_binding,18,simple_python_288,1.0,0.0,1.0
0.6,argument_binding,18,simple_python_366,1.0,0.0,1.0
0.6,argument_binding,18,simple_python_398,1.0,0.0,1.0
0.6,argument_binding,18,simple_python_44,1.0,0.0,1.0
0.6,argument_binding,18,simple_python_77,0.0,0.0,0.0
0.6,argument_binding,18,simple_python_86,0.0,0.0,0.0
0.6,argument_binding,18,simple_python_97,1.0,0.0,1.0
0.6,argument_binding,18,simple_python_98,0.0,0.0,0.0
0.6,argument_binding,19,simple_python_102,0.0,0.0,0.0
0.6,argument_binding,19,simple_python_112,0.0,0.0,0.0
0.6,argument_binding,19,simple_python_129,0.0,0.0,0.0
0.6,argument_binding,19,simple_python_143,1.0,0.0,1.0
0.6,argument_binding,19,simple_python_15,1.0,0.0,1.0
0.6,argument_binding,19,simple_python_158,0.0,0.0,0.0
0.6,argument_binding,19,simple_python_170,1.0,0.0,1.0
0.6,argument_binding,19,simple_python_207,1.0,0.0,1.0
0.6,argument_binding,19,simple_python_228,1.0,0.0,1.0
0.6,argument_binding,19,simple_python_237,1.0,0.0,1.0
0.6,argument_binding,19,simple_python_239,1.0,0.0,1.0
0.6,argument_binding,19,simple_python_275,1.0,0.0,1.0
0.6,argument_binding,19,simple_python_288,1.0,0.0,1.0
0.6,argument_binding,19,simple_python_366,1.0,0.0,1.0
0.6,argument_binding,19,simple_python_398,1.0,0.0,1.0
0.6,argument_binding,19,simple_python_44,1.0,0.0,1.0
0.6,argument_binding,19,simple_python_77,0.0,0.0,0.0
0.6,argument_binding,19,simple_python_86,0.0,0.0,0.0
0.6,argument_binding,19,simple_python_97,1.0,0.0,1.0
0.6,argument_binding,19,simple_python_98,0.0,0.0,0.0
0.6,argument_binding,20,simple_python_102,0.0,0.0,0.0
0.6,argument_binding,20,simple_python_112,0.0,0.0,0.0
0.6,argument_binding,20,simple_python_129,0.0,0.0,0.0
0.6,argument_binding,20,simple_python_143,1.0,0.0,1.0
0.6,argument_binding,20,simple_python_15,1.0,0.0,1.0
0.6,argument_binding,20,simple_python_158,0.0,0.0,0.0
0.6,argument_binding,20,simple_python_170,1.0,1.0,0.0
0.6,argument_binding,20,simple_python_207,1.0,0.0,1.0
0.6,argument_binding,20,simple_python_228,1.0,1.0,0.0
0.6,argument_binding,20,simple_python_237,1.0,1.0,0.0
0.6,argument_binding,20,simple_python_239,1.0,1.0,0.0
0.6,argument_binding,20,simple_python_275,1.0,0.0,1.0
0.6,argument_binding,20,simple_python_288,1.0,0.0,1.0
0.6,argument_binding,20,simple_python_366,1.0,0.0,1.0
0.6,argument_binding,20,simple_python_398,1.0,1.0,0.0
0.6,argument_binding,20,simple_python_44,1.0,0.0,1.0
0.6,argument_binding,20,simple_python_77,0.0,0.0,0.0
0.6,argument_binding,20,simple_python_86,0.0,0.0,0.0
0.6,argument_binding,20,simple_python_97,1.0,1.0,0.0
0.6,argument_binding,20,simple_python_98,0.0,1.0,-1.0
0.6,argument_binding,21,simple_python_102,0.0,0.0,0.0
0.6,argument_binding,21,simple_python_112,0.0,0.0,0.0
0.6,argument_binding,21,simple_python_129,0.0,0.0,0.0
0.6,argument_binding,21,simple_python_143,1.0,0.0,1.0
0.6,argument_binding,21,simple_python_15,1.0,0.0,1.0
0.6,argument_binding,21,simple_python_158,0.0,0.0,0.0
0.6,argument_binding,21,simple_python_170,1.0,0.0,1.0
0.6,argument_binding,21,simple_python_207,1.0,0.0,1.0
0.6,argument_binding,21,simple_python_228,1.0,0.0,1.0
0.6,argument_binding,21,simple_python_237,1.0,0.0,1.0
0.6,argument_binding,21,simple_python_239,1.0,0.0,1.0
0.6,argument_binding,21,simple_python_275,1.0,0.0,1.0
0.6,argument_binding,21,simple_python_288,1.0,0.0,1.0
0.6,argument_binding,21,simple_python_366,1.0,0.0,1.0
0.6,argument_binding,21,simple_python_398,1.0,0.0,1.0
0.6,argument_binding,21,simple_python_44,1.0,0.0,1.0
0.6,argument_binding,21,simple_python_77,0.0,0.0,0.0
0.6,argument_binding,21,simple_python_86,0.0,0.0,0.0
0.6,argument_binding,21,simple_python_97,1.0,0.0,1.0
0.6,argument_binding,21,simple_python_98,0.0,0.0,0.0
0.6,argument_binding,22,simple_python_102,0.0,0.0,0.0
0.6,argument_binding,22,simple_python_112,0.0,0.0,0.0
0.6,argument_binding,22,simple_python_129,0.0,0.0,0.0
0.6,argument_binding,22,simple_python_143,1.0,0.0,1.0
0.6,argument_binding,22,simple_python_15,1.0,1.0,0.0
0.6,argument_binding,22,simple_python_158,0.0,0.0,0.0
0.6,argument_binding,22,simple_python_170,1.0,0.0,1.0
0.6,argument_binding,22,simple_python_207,1.0,0.0,1.0
0.6,argument_binding,22,simple_python_228,1.0,0.0,1.0
0.6,argument_binding,22,simple_python_237,1.0,0.0,1.0
0.6,argument_binding,22,simple_python_239,1.0,0.0,1.0
0.6,argument_binding,22,simple_python_275,1.0,0.0,1.0
0.6,argument_binding,22,simple_python_288,1.0,0.0,1.0
0.6,argument_binding,22,simple_python_366,1.0,1.0,0.0
0.6,argument_binding,22,simple_python_398,1.0,0.0,1.0
0.6,argument_binding,22,simple_python_44,1.0,0.0,1.0
0.6,argument_binding,22,simple_python_77,0.0,0.0,0.0
0.6,argument_binding,22,simple_python_86,0.0,0.0,0.0
0.6,argument_binding,22,simple_python_97,1.0,0.0,1.0
0.6,argument_binding,22,simple_python_98,0.0,0.0,0.0
0.6,argument_binding,23,simple_python_102,0.0,1.0,-1.0
0.6,argument_binding,23,simple_python_112,0.0,0.0,0.0
0.6,argument_binding,23,simple_python_129,0.0,0.0,0.0
0.6,argument_binding,23,simple_python_143,1.0,1.0,0.0
0.6,argument_binding,23,simple_python_15,1.0,1.0,0.0
0.6,argument_binding,23,simple_python_158,0.0,0.0,0.0
0.6,argument_binding,23,simple_python_170,1.0,1.0,0.0
0.6,argument_binding,23,simple_python_207,1.0,1.0,0.0
0.6,argument_binding,23,simple_python_228,1.0,0.0,1.0
0.6,argument_binding,23,simple_python_237,1.0,1.0,0.0
0.6,argument_binding,23,simple_python_239,1.0,1.0,0.0
0.6,argument_binding,23,simple_python_275,1.0,1.0,0.0
0.6,argument_binding,23,simple_python_288,1.0,1.0,0.0
0.6,argument_binding,23,simple_python_366,1.0,1.0,0.0
0.6,argument_binding,23,simple_python_398,1.0,1.0,0.0
0.6,argument_binding,23,simple_python_44,1.0,1.0,0.0
0.6,argument_binding,23,simple_python_77,0.0,0.0,0.0
0.6,argument_binding,23,simple_python_86,0.0,1.0,-1.0
0.6,argument_binding,23,simple_python_97,1.0,0.0,1.0
0.6,argument_binding,23,simple_python_98,0.0,1.0,-1.0
0.6,argument_binding,24,simple_python_102,0.0,0.0,0.0
0.6,argument_binding,24,simple_python_112,0.0,0.0,0.0
0.6,argument_binding,24,simple_python_129,0.0,0.0,0.0
0.6,argument_binding,24,simple_python_143,1.0,0.0,1.0
0.6,argument_binding,24,simple_python_15,1.0,0.0,1.0
0.6,argument_binding,24,simple_python_158,0.0,0.0,0.0
0.6,argument_binding,24,simple_python_170,1.0,0.0,1.0
0.6,argument_binding,24,simple_python_207,1.0,0.0,1.0
0.6,argument_binding,24,simple_python_228,1.0,0.0,1.0
0.6,argument_binding,24,simple_python_237,1.0,0.0,1.0
0.6,argument_binding,24,simple_python_239,1.0,0.0,1.0
0.6,argument_binding,24,simple_python_275,1.0,0.0,1.0
0.6,argument_binding,24,simple_python_288,1.0,0.0,1.0
0.6,argument_binding,24,simple_python_366,1.0,0.0,1.0
0.6,argument_binding,24,simple_python_398,1.0,0.0,1.0
0.6,argument_binding,24,simple_python_44,1.0,0.0,1.0
0.6,argument_binding,24,simple_python_77,0.0,0.0,0.0
0.6,argument_binding,24,simple_python_86,0.0,0.0,0.0
0.6,argument_binding,24,simple_python_97,1.0,0.0,1.0
0.6,argument_binding,24,simple_python_98,0.0,0.0,0.0
0.6,argument_binding,25,simple_python_102,0.0,0.0,0.0
0.6,argument_binding,25,simple_python_112,0.0,0.0,0.0
0.6,argument_binding,25,simple_python_129,0.0,0.0,0.0
0.6,argument_binding,25,simple_python_143,1.0,0.0,1.0
0.6,argument_binding,25,simple_python_15,1.0,1.0,0.0
0.6,argument_binding,25,simple_python_158,0.0,0.0,0.0
0.6,argument_binding,25,simple_python_170,1.0,1.0,0.0
0.6,argument_binding,25,simple_python_207,1.0,1.0,0.0
0.6,argument_binding,25,simple_python_228,1.0,1.0,0.0
0.6,argument_binding,25,simple_python_237,1.0,1.0,0.0
0.6,argument_binding,25,simple_python_239,1.0,0.0,1.0
0.6,argument_binding,25,simple_python_275,1.0,1.0,0.0
0.6,argument_binding,25,simple_python_288,1.0,0.0,1.0
0.6,argument_binding,25,simple_python_366,1.0,1.0,0.0
0.6,argument_binding,25,simple_python_398,1.0,1.0,0.0
0.6,argument_binding,25,simple_python_44,1.0,0.0,1.0
0.6,argument_binding,25,simple_python_77,0.0,0.0,0.0
0.6,argument_binding,25,simple_python_86,0.0,0.0,0.0
0.6,argument_binding,25,simple_python_97,1.0,0.0,1.0
0.6,argument_binding,25,simple_python_98,0.0,0.0,0.0
0.6,argument_binding,26,simple_python_102,0.0,0.0,0.0
0.6,argument_binding,26,simple_python_112,0.0,0.0,0.0
0.6,argument_binding,26,simple_python_129,0.0,0.0,0.0
0.6,argument_binding,26,simple_python_143,1.0,0.0,1.0
0.6,argument_binding,26,simple_python_15,1.0,0.0,1.0
0.6,argument_binding,26,simple_python_158,0.0,0.0,0.0
0.6,argument_binding,26,simple_python_170,1.0,0.0,1.0
0.6,argument_binding,26,simple_python_207,1.0,0.0,1.0
0.6,argument_binding,26,simple_python_228,1.0,0.0,1.0
0.6,argument_binding,26,simple_python_237,1.0,0.0,1.0
0.6,argument_binding,26,simple_python_239,1.0,0.0,1.0
0.6,argument_binding,26,simple_python_275,1.0,0.0,1.0
0.6,argument_binding,26,simple_python_288,1.0,0.0,1.0
0.6,argument_binding,26,simple_python_366,1.0,0.0,1.0
0.6,argument_binding,26,simple_python_398,1.0,0.0,1.0
0.6,argument_binding,26,simple_python_44,1.0,0.0,1.0
0.6,argument_binding,26,simple_python_77,0.0,0.0,0.0
0.6,argument_binding,26,simple_python_86,0.0,0.0,0.0
0.6,argument_binding,26,simple_python_97,1.0,0.0,1.0
0.6,argument_binding,26,simple_python_98,0.0,0.0,0.0
0.6,argument_binding,27,simple_python_102,0.0,0.0,0.0
0.6,argument_binding,27,simple_python_112,0.0,0.0,0.0
0.6,argument_binding,27,simple_python_129,0.0,0.0,0.0
0.6,argument_binding,27,simple_python_143,1.0,0.0,1.0
0.6,argument_binding,27,simple_python_15,1.0,0.0,1.0
0.6,argument_binding,27,simple_python_158,0.0,0.0,0.0
0.6,argument_binding,27,simple_python_170,1.0,0.0,1.0
0.6,argument_binding,27,simple_python_207,1.0,0.0,1.0
0.6,argument_binding,27,simple_python_228,1.0,0.0,1.0
0.6,argument_binding,27,simple_python_237,1.0,0.0,1.0
0.6,argument_binding,27,simple_python_239,1.0,0.0,1.0
0.6,argument_binding,27,simple_python_275,1.0,1.0,0.0
0.6,argument_binding,27,simple_python_288,1.0,1.0,0.0
0.6,argument_binding,27,simple_python_366,1.0,0.0,1.0
0.6,argument_binding,27,simple_python_398,1.0,1.0,0.0
0.6,argument_binding,27,simple_python_44,1.0,0.0,1.0
0.6,argument_binding,27,simple_python_77,0.0,0.0,0.0
0.6,argument_binding,27,simple_python_86,0.0,0.0,0.0
0.6,argument_binding,27,simple_python_97,1.0,0.0,1.0
0.6,argument_binding,27,simple_python_98,0.0,0.0,0.0
0.6,full_call,0,simple_python_102,0.0,0.0,0.0
0.6,full_call,0,simple_python_112,0.0,0.0,0.0
0.6,full_call,0,simple_python_129,0.0,0.0,0.0
0.6,full_call,0,simple_python_143,1.0,0.0,1.0
0.6,full_call,0,simple_python_15,1.0,0.0,1.0
0.6,full_call,0,simple_python_158,0.0,0.0,0.0
0.6,full_call,0,simple_python_170,1.0,0.0,1.0
0.6,full_call,0,simple_python_207,1.0,0.0,1.0
0.6,full_call,0,simple_python_228,1.0,0.0,1.0
0.6,full_call,0,simple_python_237,1.0,0.0,1.0
0.6,full_call,0,simple_python_239,1.0,0.0,1.0
0.6,full_call,0,simple_python_275,1.0,0.0,1.0
0.6,full_call,0,simple_python_288,1.0,0.0,1.0
0.6,full_call,0,simple_python_366,1.0,0.0,1.0
0.6,full_call,0,simple_python_398,1.0,0.0,1.0
0.6,full_call,0,simple_python_44,1.0,0.0,1.0
0.6,full_call,0,simple_python_77,0.0,0.0,0.0
0.6,full_call,0,simple_python_86,0.0,0.0,0.0
0.6,full_call,0,simple_python_97,1.0,0.0,1.0
0.6,full_call,0,simple_python_98,0.0,0.0,0.0
0.6,full_call,1,simple_python_102,0.0,0.0,0.0
0.6,full_call,1,simple_python_112,0.0,0.0,0.0
0.6,full_call,1,simple_python_129,0.0,0.0,0.0
0.6,full_call,1,simple_python_143,1.0,0.0,1.0
0.6,full_call,1,simple_python_15,1.0,0.0,1.0
0.6,full_call,1,simple_python_158,0.0,0.0,0.0
0.6,full_call,1,simple_python_170,1.0,0.0,1.0
0.6,full_call,1,simple_python_207,1.0,0.0,1.0
0.6,full_call,1,simple_python_228,1.0,0.0,1.0
0.6,full_call,1,simple_python_237,1.0,0.0,1.0
0.6,full_call,1,simple_python_239,1.0,0.0,1.0
0.6,full_call,1,simple_python_275,1.0,0.0,1.0
0.6,full_call,1,simple_python_288,1.0,0.0,1.0
0.6,full_call,1,simple_python_366,1.0,0.0,1.0
0.6,full_call,1,simple_python_398,1.0,0.0,1.0
0.6,full_call,1,simple_python_44,1.0,0.0,1.0
0.6,full_call,1,simple_python_77,0.0,0.0,0.0
0.6,full_call,1,simple_python_86,0.0,0.0,0.0
0.6,full_call,1,simple_python_97,1.0,0.0,1.0
0.6,full_call,1,simple_python_98,0.0,0.0,0.0
0.6,full_call,2,simple_python_102,0.0,0.0,0.0
0.6,full_call,2,simple_python_112,0.0,0.0,0.0
0.6,full_call,2,simple_python_129,0.0,0.0,0.0
0.6,full_call,2,simple_python_143,1.0,0.0,1.0
0.6,full_call,2,simple_python_15,1.0,0.0,1.0
0.6,full_call,2,simple_python_158,0.0,0.0,0.0
0.6,full_call,2,simple_python_170,1.0,0.0,1.0
0.6,full_call,2,simple_python_207,1.0,0.0,1.0
0.6,full_call,2,simple_python_228,1.0,0.0,1.0
0.6,full_call,2,simple_python_237,1.0,0.0,1.0
0.6,full_call,2,simple_python_239,1.0,0.0,1.0
0.6,full_call,2,simple_python_275,1.0,0.0,1.0
0.6,full_call,2,simple_python_288,1.0,0.0,1.0
0.6,full_call,2,simple_python_366,1.0,0.0,1.0
0.6,full_call,2,simple_python_398,1.0,0.0,1.0
0.6,full_call,2,simple_python_44,1.0,0.0,1.0
0.6,full_call,2,simple_python_77,0.0,0.0,0.0
0.6,full_call,2,simple_python_86,0.0,0.0,0.0
0.6,full_call,2,simple_python_97,1.0,0.0,1.0
0.6,full_call,2,simple_python_98,0.0,0.0,0.0
0.6,full_call,3,simple_python_102,0.0,0.0,0.0
0.6,full_call,3,simple_python_112,0.0,0.0,0.0
0.6,full_call,3,simple_python_129,0.0,0.0,0.0
0.6,full_call,3,simple_python_143,1.0,1.0,0.0
0.6,full_call,3,simple_python_15,1.0,0.0,1.0
0.6,full_call,3,simple_python_158,0.0,0.0,0.0
0.6,full_call,3,simple_python_170,1.0,0.0,1.0
0.6,full_call,3,simple_python_207,1.0,1.0,0.0
0.6,full_call,3,simple_python_228,1.0,0.0,1.0
0.6,full_call,3,simple_python_237,1.0,0.0,1.0
0.6,full_call,3,simple_python_239,1.0,0.0,1.0
0.6,full_call,3,simple_python_275,1.0,0.0,1.0
0.6,full_call,3,simple_python_288,1.0,1.0,0.0
0.6,full_call,3,simple_python_366,1.0,1.0,0.0
0.6,full_call,3,simple_python_398,1.0,0.0,1.0
0.6,full_call,3,simple_python_44,1.0,0.0,1.0
0.6,full_call,3,simple_python_77,0.0,0.0,0.0
0.6,full_call,3,simple_python_86,0.0,0.0,0.0
0.6,full_call,3,simple_python_97,1.0,0.0,1.0
0.6,full_call,3,simple_python_98,0.0,0.0,0.0
0.6,full_call,4,simple_python_102,0.0,0.0,0.0
0.6,full_call,4,simple_python_112,0.0,0.0,0.0
0.6,full_call,4,simple_python_129,0.0,0.0,0.0
0.6,full_call,4,simple_python_143,1.0,0.0,1.0
0.6,full_call,4,simple_python_15,1.0,1.0,0.0
0.6,full_call,4,simple_python_158,0.0,0.0,0.0
0.6,full_call,4,simple_python_170,1.0,0.0,1.0
0.6,full_call,4,simple_python_207,1.0,0.0,1.0
0.6,full_call,4,simple_python_228,1.0,0.0,1.0
0.6,full_call,4,simple_python_237,1.0,0.0,1.0
0.6,full_call,4,simple_python_239,1.0,0.0,1.0
0.6,full_call,4,simple_python_275,1.0,0.0,1.0
0.6,full_call,4,simple_python_288,1.0,0.0,1.0
0.6,full_call,4,simple_python_366,1.0,0.0,1.0
0.6,full_call,4,simple_python_398,1.0,0.0,1.0
0.6,full_call,4,simple_python_44,1.0,0.0,1.0
0.6,full_call,4,simple_python_77,0.0,0.0,0.0
0.6,full_call,4,simple_python_86,0.0,0.0,0.0
0.6,full_call,4,simple_python_97,1.0,0.0,1.0
0.6,full_call,4,simple_python_98,0.0,0.0,0.0
0.6,full_call,5,simple_python_102,0.0,0.0,0.0
0.6,full_call,5,simple_python_112,0.0,0.0,0.0
0.6,full_call,5,simple_python_129,0.0,1.0,-1.0
0.6,full_call,5,simple_python_143,1.0,1.0,0.0
0.6,full_call,5,simple_python_15,1.0,1.0,0.0
0.6,full_call,5,simple_python_158,0.0,0.0,0.0
0.6,full_call,5,simple_python_170,1.0,0.0,1.0
0.6,full_call,5,simple_python_207,1.0,1.0,0.0
0.6,full_call,5,simple_python_228,1.0,1.0,0.0
0.6,full_call,5,simple_python_237,1.0,0.0,1.0
0.6,full_call,5,simple_python_239,1.0,1.0,0.0
0.6,full_call,5,simple_python_275,1.0,0.0,1.0
0.6,full_call,5,simple_python_288,1.0,0.0,1.0
0.6,full_call,5,simple_python_366,1.0,1.0,0.0
0.6,full_call,5,simple_python_398,1.0,0.0,1.0
0.6,full_call,5,simple_python_44,1.0,0.0,1.0
0.6,full_call,5,simple_python_77,0.0,0.0,0.0
0.6,full_call,5,simple_python_86,0.0,0.0,0.0
0.6,full_call,5,simple_python_97,1.0,0.0,1.0
0.6,full_call,5,simple_python_98,0.0,0.0,0.0
0.6,full_call,6,simple_python_102,0.0,0.0,0.0
0.6,full_call,6,simple_python_112,0.0,0.0,0.0
0.6,full_call,6,simple_python_129,0.0,0.0,0.0
0.6,full_call,6,simple_python_143,1.0,0.0,1.0
0.6,full_call,6,simple_python_15,1.0,0.0,1.0
0.6,full_call,6,simple_python_158,0.0,0.0,0.0
0.6,full_call,6,simple_python_170,1.0,0.0,1.0
0.6,full_call,6,simple_python_207,1.0,0.0,1.0
0.6,full_call,6,simple_python_228,1.0,0.0,1.0
0.6,full_call,6,simple_python_237,1.0,0.0,1.0
0.6,full_call,6,simple_python_239,1.0,0.0,1.0
0.6,full_call,6,simple_python_275,1.0,0.0,1.0
0.6,full_call,6,simple_python_288,1.0,0.0,1.0
0.6,full_call,6,simple_python_366,1.0,0.0,1.0
0.6,full_call,6,simple_python_398,1.0,0.0,1.0
0.6,full_call,6,simple_python_44,1.0,0.0,1.0
0.6,full_call,6,simple_python_77,0.0,0.0,0.0
0.6,full_call,6,simple_python_86,0.0,0.0,0.0
0.6,full_call,6,simple_python_97,1.0,0.0,1.0
0.6,full_call,6,simple_python_98,0.0,0.0,0.0
0.6,full_call,7,simple_python_102,0.0,1.0,-1.0
0.6,full_call,7,simple_python_112,0.0,0.0,0.0
0.6,full_call,7,simple_python_129,0.0,1.0,-1.0
0.6,full_call,7,simple_python_143,1.0,1.0,0.0
0.6,full_call,7,simple_python_15,1.0,1.0,0.0
0.6,full_call,7,simple_python_158,0.0,0.0,0.0
0.6,full_call,7,simple_python_170,1.0,1.0,0.0
0.6,full_call,7,simple_python_207,1.0,1.0,0.0
0.6,full_call,7,simple_python_228,1.0,1.0,0.0
0.6,full_call,7,simple_python_237,1.0,1.0,0.0
0.6,full_call,7,simple_python_239,1.0,1.0,0.0
0.6,full_call,7,simple_python_275,1.0,1.0,0.0
0.6,full_call,7,simple_python_288,1.0,1.0,0.0
0.6,full_call,7,simple_python_366,1.0,1.0,0.0
0.6,full_call,7,simple_python_398,1.0,1.0,0.0
0.6,full_call,7,simple_python_44,1.0,1.0,0.0
0.6,full_call,7,simple_python_77,0.0,0.0,0.0
0.6,full_call,7,simple_python_86,0.0,0.0,0.0
0.6,full_call,7,simple_python_97,1.0,1.0,0.0
0.6,full_call,7,simple_python_98,0.0,1.0,-1.0
0.6,full_call,8,simple_python_102,0.0,0.0,0.0
0.6,full_call,8,simple_python_112,0.0,0.0,0.0
0.6,full_call,8,simple_python_129,0.0,1.0,-1.0
0.6,full_call,8,simple_python_143,1.0,1.0,0.0
0.6,full_call,8,simple_python_15,1.0,1.0,0.0
0.6,full_call,8,simple_python_158,0.0,0.0,0.0
0.6,full_call,8,simple_python_170,1.0,0.0,1.0
0.6,full_call,8,simple_python_207,1.0,1.0,0.0
0.6,full_call,8,simple_python_228,1.0,1.0,0.0
0.6,full_call,8,simple_python_237,1.0,1.0,0.0
0.6,full_call,8,simple_python_239,1.0,0.0,1.0
0.6,full_call,8,simple_python_275,1.0,1.0,0.0
0.6,full_call,8,simple_python_288,1.0,1.0,0.0
0.6,full_call,8,simple_python_366,1.0,1.0,0.0
0.6,full_call,8,simple_python_398,1.0,1.0,0.0
0.6,full_call,8,simple_python_44,1.0,1.0,0.0
0.6,full_call,8,simple_python_77,0.0,0.0,0.0
0.6,full_call,8,simple_python_86,0.0,0.0,0.0
0.6,full_call,8,simple_python_97,1.0,1.0,0.0
0.6,full_call,8,simple_python_98,0.0,1.0,-1.0
0.6,full_call,9,simple_python_102,0.0,0.0,0.0
0.6,full_call,9,simple_python_112,0.0,0.0,0.0
0.6,full_call,9,simple_python_129,0.0,0.0,0.0
0.6,full_call,9,simple_python_143,1.0,0.0,1.0
0.6,full_call,9,simple_python_15,1.0,0.0,1.0
0.6,full_call,9,simple_python_158,0.0,0.0,0.0
0.6,full_call,9,simple_python_170,1.0,0.0,1.0
0.6,full_call,9,simple_python_207,1.0,0.0,1.0
0.6,full_call,9,simple_python_228,1.0,0.0,1.0
0.6,full_call,9,simple_python_237,1.0,0.0,1.0
0.6,full_call,9,simple_python_239,1.0,0.0,1.0
0.6,full_call,9,simple_python_275,1.0,0.0,1.0
0.6,full_call,9,simple_python_288,1.0,0.0,1.0
0.6,full_call,9,simple_python_366,1.0,0.0,1.0
0.6,full_call,9,simple_python_398,1.0,0.0,1.0
0.6,full_call,9,simple_python_44,1.0,0.0,1.0
0.6,full_call,9,simple_python_77,0.0,0.0,0.0
0.6,full_call,9,simple_python_86,0.0,0.0,0.0
0.6,full_call,9,simple_python_97,1.0,0.0,1.0
0.6,full_call,9,simple_python_98,0.0,0.0,0.0
0.6,full_call,10,simple_python_102,0.0,0.0,0.0
0.6,full_call,10,simple_python_112,0.0,0.0,0.0
0.6,full_call,10,simple_python_129,0.0,0.0,0.0
0.6,full_call,10,simple_python_143,1.0,0.0,1.0
0.6,full_call,10,simple_python_15,1.0,0.0,1.0
0.6,full_call,10,simple_python_158,0.0,0.0,0.0
0.6,full_call,10,simple_python_170,1.0,0.0,1.0
0.6,full_call,10,simple_python_207,1.0,0.0,1.0
0.6,full_call,10,simple_python_228,1.0,0.0,1.0
0.6,full_call,10,simple_python_237,1.0,0.0,1.0
0.6,full_call,10,simple_python_239,1.0,0.0,1.0
0.6,full_call,10,simple_python_275,1.0,0.0,1.0
0.6,full_call,10,simple_python_288,1.0,0.0,1.0
0.6,full_call,10,simple_python_366,1.0,0.0,1.0
0.6,full_call,10,simple_python_398,1.0,0.0,1.0
0.6,full_call,10,simple_python_44,1.0,0.0,1.0
0.6,full_call,10,simple_python_77,0.0,0.0,0.0
0.6,full_call,10,simple_python_86,0.0,0.0,0.0
0.6,full_call,10,simple_python_97,1.0,0.0,1.0
0.6,full_call,10,simple_python_98,0.0,0.0,0.0
0.6,full_call,11,simple_python_102,0.0,0.0,0.0
0.6,full_call,11,simple_python_112,0.0,0.0,0.0
0.6,full_call,11,simple_python_129,0.0,0.0,0.0
0.6,full_call,11,simple_python_143,1.0,0.0,1.0
0.6,full_call,11,simple_python_15,1.0,0.0,1.0
0.6,full_call,11,simple_python_158,0.0,0.0,0.0
0.6,full_call,11,simple_python_170,1.0,0.0,1.0
0.6,full_call,11,simple_python_207,1.0,0.0,1.0
0.6,full_call,11,simple_python_228,1.0,1.0,0.0
0.6,full_call,11,simple_python_237,1.0,0.0,1.0
0.6,full_call,11,simple_python_239,1.0,0.0,1.0
0.6,full_call,11,simple_python_275,1.0,1.0,0.0
0.6,full_call,11,simple_python_288,1.0,0.0,1.0
0.6,full_call,11,simple_python_366,1.0,1.0,0.0
0.6,full_call,11,simple_python_398,1.0,0.0,1.0
0.6,full_call,11,simple_python_44,1.0,0.0,1.0
0.6,full_call,11,simple_python_77,0.0,0.0,0.0
0.6,full_call,11,simple_python_86,0.0,1.0,-1.0
0.6,full_call,11,simple_python_97,1.0,0.0,1.0
0.6,full_call,11,simple_python_98,0.0,0.0,0.0
0.6,full_call,12,simple_python_102,0.0,0.0,0.0
0.6,full_call,12,simple_python_112,0.0,0.0,0.0
0.6,full_call,12,simple_python_129,0.0,0.0,0.0
0.6,full_call,12,simple_python_143,1.0,0.0,1.0
0.6,full_call,12,simple_python_15,1.0,1.0,0.0
0.6,full_call,12,simple_python_158,0.0,1.0,-1.0
0.6,full_call,12,simple_python_170,1.0,0.0,1.0
0.6,full_call,12,simple_python_207,1.0,0.0,1.0
0.6,full_call,12,simple_python_228,1.0,1.0,0.0
0.6,full_call,12,simple_python_237,1.0,0.0,1.0
0.6,full_call,12,simple_python_239,1.0,0.0,1.0
0.6,full_call,12,simple_python_275,1.0,1.0,0.0
0.6,full_call,12,simple_python_288,1.0,0.0,1.0
0.6,full_call,12,simple_python_366,1.0,0.0,1.0
0.6,full_call,12,simple_python_398,1.0,0.0,1.0
0.6,full_call,12,simple_python_44,1.0,0.0,1.0
0.6,full_call,12,simple_python_77,0.0,0.0,0.0
0.6,full_call,12,simple_python_86,0.0,0.0,0.0
0.6,full_call,12,simple_python_97,1.0,1.0,0.0
0.6,full_call,12,simple_python_98,0.0,0.0,0.0
0.6,full_call,13,simple_python_102,0.0,1.0,-1.0
0.6,full_call,13,simple_python_112,0.0,1.0,-1.0
0.6,full_call,13,simple_python_129,0.0,0.0,0.0
0.6,full_call,13,simple_python_143,1.0,1.0,0.0
0.6,full_call,13,simple_python_15,1.0,1.0,0.0
0.6,full_call,13,simple_python_158,0.0,0.0,0.0
0.6,full_call,13,simple_python_170,1.0,1.0,0.0
0.6,full_call,13,simple_python_207,1.0,1.0,0.0
0.6,full_call,13,simple_python_228,1.0,0.0,1.0
0.6,full_call,13,simple_python_237,1.0,1.0,0.0
0.6,full_call,13,simple_python_239,1.0,1.0,0.0
0.6,full_call,13,simple_python_275,1.0,1.0,0.0
0.6,full_call,13,simple_python_288,1.0,0.0,1.0
0.6,full_call,13,simple_python_366,1.0,1.0,0.0
0.6,full_call,13,simple_python_398,1.0,1.0,0.0
0.6,full_call,13,simple_python_44,1.0,1.0,0.0
0.6,full_call,13,simple_python_77,0.0,0.0,0.0
0.6,full_call,13,simple_python_86,0.0,0.0,0.0
0.6,full_call,13,simple_python_97,1.0,0.0,1.0
0.6,full_call,13,simple_python_98,0.0,1.0,-1.0
0.6,full_call,14,simple_python_102,0.0,0.0,0.0
0.6,full_call,14,simple_python_112,0.0,0.0,0.0
0.6,full_call,14,simple_python_129,0.0,0.0,0.0
0.6,full_call,14,simple_python_143,1.0,0.0,1.0
0.6,full_call,14,simple_python_15,1.0,0.0,1.0
0.6,full_call,14,simple_python_158,0.0,0.0,0.0
0.6,full_call,14,simple_python_170,1.0,0.0,1.0
0.6,full_call,14,simple_python_207,1.0,0.0,1.0
0.6,full_call,14,simple_python_228,1.0,0.0,1.0
0.6,full_call,14,simple_python_237,1.0,0.0,1.0
0.6,full_call,14,simple_python_239,1.0,0.0,1.0
0.6,full_call,14,simple_python_275,1.0,0.0,1.0
0.6,full_call,14,simple_python_288,1.0,0.0,1.0
0.6,full_call,14,simple_python_366,1.0,0.0,1.0
0.6,full_call,14,simple_python_398,1.0,0.0,1.0
0.6,full_call,14,simple_python_44,1.0,0.0,1.0
0.6,full_call,14,simple_python_77,0.0,0.0,0.0
0.6,full_call,14,simple_python_86,0.0,0.0,0.0
0.6,full_call,14,simple_python_97,1.0,0.0,1.0
0.6,full_call,14,simple_python_98,0.0,0.0,0.0
0.6,full_call,15,simple_python_102,0.0,0.0,0.0
0.6,full_call,15,simple_python_112,0.0,1.0,-1.0
0.6,full_call,15,simple_python_129,0.0,0.0,0.0
0.6,full_call,15,simple_python_143,1.0,1.0,0.0
0.6,full_call,15,simple_python_15,1.0,1.0,0.0
0.6,full_call,15,simple_python_158,0.0,0.0,0.0
0.6,full_call,15,simple_python_170,1.0,0.0,1.0
0.6,full_call,15,simple_python_207,1.0,1.0,0.0
0.6,full_call,15,simple_python_228,1.0,1.0,0.0
0.6,full_call,15,simple_python_237,1.0,0.0,1.0
0.6,full_call,15,simple_python_239,1.0,1.0,0.0
0.6,full_call,15,simple_python_275,1.0,1.0,0.0
0.6,full_call,15,simple_python_288,1.0,0.0,1.0
0.6,full_call,15,simple_python_366,1.0,1.0,0.0
0.6,full_call,15,simple_python_398,1.0,1.0,0.0
0.6,full_call,15,simple_python_44,1.0,1.0,0.0
0.6,full_call,15,simple_python_77,0.0,0.0,0.0
0.6,full_call,15,simple_python_86,0.0,0.0,0.0
0.6,full_call,15,simple_python_97,1.0,1.0,0.0
0.6,full_call,15,simple_python_98,0.0,1.0,-1.0
0.6,full_call,16,simple_python_102,0.0,1.0,-1.0
0.6,full_call,16,simple_python_112,0.0,0.0,0.0
0.6,full_call,16,simple_python_129,0.0,0.0,0.0
0.6,full_call,16,simple_python_143,1.0,1.0,0.0
0.6,full_call,16,simple_python_15,1.0,1.0,0.0
0.6,full_call,16,simple_python_158,0.0,0.0,0.0
0.6,full_call,16,simple_python_170,1.0,1.0,0.0
0.6,full_call,16,simple_python_207,1.0,1.0,0.0
0.6,full_call,16,simple_python_228,1.0,1.0,0.0
0.6,full_call,16,simple_python_237,1.0,1.0,0.0
0.6,full_call,16,simple_python_239,1.0,1.0,0.0
0.6,full_call,16,simple_python_275,1.0,1.0,0.0
0.6,full_call,16,simple_python_288,1.0,1.0,0.0
0.6,full_call,16,simple_python_366,1.0,1.0,0.0
0.6,full_call,16,simple_python_398,1.0,1.0,0.0
0.6,full_call,16,simple_python_44,1.0,1.0,0.0
0.6,full_call,16,simple_python_77,0.0,1.0,-1.0
0.6,full_call,16,simple_python_86,0.0,1.0,-1.0
0.6,full_call,16,simple_python_97,1.0,1.0,0.0
0.6,full_call,16,simple_python_98,0.0,1.0,-1.0
0.6,full_call,17,simple_python_102,0.0,0.0,0.0
0.6,full_call,17,simple_python_112,0.0,0.0,0.0
0.6,full_call,17,simple_python_129,0.0,0.0,0.0
0.6,full_call,17,simple_python_143,1.0,1.0,0.0
0.6,full_call,17,simple_python_15,1.0,1.0,0.0
0.6,full_call,17,simple_python_158,0.0,0.0,0.0
0.6,full_call,17,simple_python_170,1.0,0.0,1.0
0.6,full_call,17,simple_python_207,1.0,1.0,0.0
0.6,full_call,17,simple_python_228,1.0,0.0,1.0
0.6,full_call,17,simple_python_237,1.0,0.0,1.0
0.6,full_call,17,simple_python_239,1.0,0.0,1.0
0.6,full_call,17,simple_python_275,1.0,1.0,0.0
0.6,full_call,17,simple_python_288,1.0,0.0,1.0
0.6,full_call,17,simple_python_366,1.0,0.0,1.0
0.6,full_call,17,simple_python_398,1.0,1.0,0.0
0.6,full_call,17,simple_python_44,1.0,1.0,0.0
0.6,full_call,17,simple_python_77,0.0,0.0,0.0
0.6,full_call,17,simple_python_86,0.0,0.0,0.0
0.6,full_call,17,simple_python_97,1.0,0.0,1.0
0.6,full_call,17,simple_python_98,0.0,1.0,-1.0
0.6,full_call,18,simple_python_102,0.0,0.0,0.0
0.6,full_call,18,simple_python_112,0.0,0.0,0.0
0.6,full_call,18,simple_python_129,0.0,0.0,0.0
0.6,full_call,18,simple_python_143,1.0,0.0,1.0
0.6,full_call,18,simple_python_15,1.0,0.0,1.0
0.6,full_call,18,simple_python_158,0.0,0.0,0.0
0.6,full_call,18,simple_python_170,1.0,0.0,1.0
0.6,full_call,18,simple_python_207,1.0,0.0,1.0
0.6,full_call,18,simple_python_228,1.0,0.0,1.0
0.6,full_call,18,simple_python_237,1.0,0.0,1.0
0.6,full_call,18,simple_python_239,1.0,0.0,1.0
0.6,full_call,18,simple_python_275,1.0,0.0,1.0
0.6,full_call,18,simple_python_288,1.0,0.0,1.0
0.6,full_call,18,simple_python_366,1.0,0.0,1.0
0.6,full_call,18,simple_python_398,1.0,0.0,1.0
0.6,full_call,18,simple_python_44,1.0,0.0,1.0
0.6,full_call,18,simple_python_77,0.0,0.0,0.0
0.6,full_call,18,simple_python_86,0.0,0.0,0.0
0.6,full_call,18,simple_python_97,1.0,0.0,1.0
0.6,full_call,18,simple_python_98,0.0,0.0,0.0
0.6,full_call,19,simple_python_102,0.0,0.0,0.0
0.6,full_call,19,simple_python_112,0.0,0.0,0.0
0.6,full_call,19,simple_python_129,0.0,0.0,0.0
0.6,full_call,19,simple_python_143,1.0,0.0,1.0
0.6,full_call,19,simple_python_15,1.0,0.0,1.0
0.6,full_call,19,simple_python_158,0.0,0.0,0.0
0.6,full_call,19,simple_python_170,1.0,0.0,1.0
0.6,full_call,19,simple_python_207,1.0,0.0,1.0
0.6,full_call,19,simple_python_228,1.0,0.0,1.0
0.6,full_call,19,simple_python_237,1.0,0.0,1.0
0.6,full_call,19,simple_python_239,1.0,0.0,1.0
0.6,full_call,19,simple_python_275,1.0,0.0,1.0
0.6,full_call,19,simple_python_288,1.0,0.0,1.0
0.6,full_call,19,simple_python_366,1.0,0.0,1.0
0.6,full_call,19,simple_python_398,1.0,0.0,1.0
0.6,full_call,19,simple_python_44,1.0,0.0,1.0
0.6,full_call,19,simple_python_77,0.0,0.0,0.0
0.6,full_call,19,simple_python_86,0.0,0.0,0.0
0.6,full_call,19,simple_python_97,1.0,0.0,1.0
0.6,full_call,19,simple_python_98,0.0,0.0,0.0
0.6,full_call,20,simple_python_102,0.0,0.0,0.0
0.6,full_call,20,simple_python_112,0.0,0.0,0.0
0.6,full_call,20,simple_python_129,0.0,0.0,0.0
0.6,full_call,20,simple_python_143,1.0,0.0,1.0
0.6,full_call,20,simple_python_15,1.0,0.0,1.0
0.6,full_call,20,simple_python_158,0.0,0.0,0.0
0.6,full_call,20,simple_python_170,1.0,1.0,0.0
0.6,full_call,20,simple_python_207,1.0,0.0,1.0
0.6,full_call,20,simple_python_228,1.0,1.0,0.0
0.6,full_call,20,simple_python_237,1.0,0.0,1.0
0.6,full_call,20,simple_python_239,1.0,1.0,0.0
0.6,full_call,20,simple_python_275,1.0,0.0,1.0
0.6,full_call,20,simple_python_288,1.0,0.0,1.0
0.6,full_call,20,simple_python_366,1.0,0.0,1.0
0.6,full_call,20,simple_python_398,1.0,1.0,0.0
0.6,full_call,20,simple_python_44,1.0,0.0,1.0
0.6,full_call,20,simple_python_77,0.0,0.0,0.0
0.6,full_call,20,simple_python_86,0.0,0.0,0.0
0.6,full_call,20,simple_python_97,1.0,1.0,0.0
0.6,full_call,20,simple_python_98,0.0,1.0,-1.0
0.6,full_call,21,simple_python_102,0.0,0.0,0.0
0.6,full_call,21,simple_python_112,0.0,0.0,0.0
0.6,full_call,21,simple_python_129,0.0,0.0,0.0
0.6,full_call,21,simple_python_143,1.0,0.0,1.0
0.6,full_call,21,simple_python_15,1.0,0.0,1.0
0.6,full_call,21,simple_python_158,0.0,0.0,0.0
0.6,full_call,21,simple_python_170,1.0,0.0,1.0
0.6,full_call,21,simple_python_207,1.0,0.0,1.0
0.6,full_call,21,simple_python_228,1.0,0.0,1.0
0.6,full_call,21,simple_python_237,1.0,0.0,1.0
0.6,full_call,21,simple_python_239,1.0,0.0,1.0
0.6,full_call,21,simple_python_275,1.0,0.0,1.0
0.6,full_call,21,simple_python_288,1.0,0.0,1.0
0.6,full_call,21,simple_python_366,1.0,0.0,1.0
0.6,full_call,21,simple_python_398,1.0,0.0,1.0
0.6,full_call,21,simple_python_44,1.0,0.0,1.0
0.6,full_call,21,simple_python_77,0.0,0.0,0.0
0.6,full_call,21,simple_python_86,0.0,0.0,0.0
0.6,full_call,21,simple_python_97,1.0,0.0,1.0
0.6,full_call,21,simple_python_98,0.0,0.0,0.0
0.6,full_call,22,simple_python_102,0.0,0.0,0.0
0.6,full_call,22,simple_python_112,0.0,0.0,0.0
0.6,full_call,22,simple_python_129,0.0,0.0,0.0
0.6,full_call,22,simple_python_143,1.0,0.0,1.0
0.6,full_call,22,simple_python_15,1.0,1.0,0.0
0.6,full_call,22,simple_python_158,0.0,0.0,0.0
0.6,full_call,22,simple_python_170,1.0,0.0,1.0
0.6,full_call,22,simple_python_207,1.0,0.0,1.0
0.6,full_call,22,simple_python_228,1.0,0.0,1.0
0.6,full_call,22,simple_python_237,1.0,0.0,1.0
0.6,full_call,22,simple_python_239,1.0,0.0,1.0
0.6,full_call,22,simple_python_275,1.0,0.0,1.0
0.6,full_call,22,simple_python_288,1.0,0.0,1.0
0.6,full_call,22,simple_python_366,1.0,1.0,0.0
0.6,full_call,22,simple_python_398,1.0,0.0,1.0
0.6,full_call,22,simple_python_44,1.0,0.0,1.0
0.6,full_call,22,simple_python_77,0.0,0.0,0.0
0.6,full_call,22,simple_python_86,0.0,0.0,0.0
0.6,full_call,22,simple_python_97,1.0,0.0,1.0
0.6,full_call,22,simple_python_98,0.0,0.0,0.0
0.6,full_call,23,simple_python_102,0.0,1.0,-1.0
0.6,full_call,23,simple_python_112,0.0,0.0,0.0
0.6,full_call,23,simple_python_129,0.0,0.0,0.0
0.6,full_call,23,simple_python_143,1.0,1.0,0.0
0.6,full_call,23,simple_python_15,1.0,1.0,0.0
0.6,full_call,23,simple_python_158,0.0,0.0,0.0
0.6,full_call,23,simple_python_170,1.0,1.0,0.0
0.6,full_call,23,simple_python_207,1.0,1.0,0.0
0.6,full_call,23,simple_python_228,1.0,0.0,1.0
0.6,full_call,23,simple_python_237,1.0,1.0,0.0
0.6,full_call,23,simple_python_239,1.0,1.0,0.0
0.6,full_call,23,simple_python_275,1.0,1.0,0.0
0.6,full_call,23,simple_python_288,1.0,1.0,0.0
0.6,full_call,23,simple_python_366,1.0,1.0,0.0
0.6,full_call,23,simple_python_398,1.0,1.0,0.0
0.6,full_call,23,simple_python_44,1.0,1.0,0.0
0.6,full_call,23,simple_python_77,0.0,0.0,0.0
0.6,full_call,23,simple_python_86,0.0,1.0,-1.0
0.6,full_call,23,simple_python_97,1.0,0.0,1.0
0.6,full_call,23,simple_python_98,0.0,1.0,-1.0
0.6,full_call,24,simple_python_102,0.0,0.0,0.0
0.6,full_call,24,simple_python_112,0.0,0.0,0.0
0.6,full_call,24,simple_python_129,0.0,0.0,0.0
0.6,full_call,24,simple_python_143,1.0,0.0,1.0
0.6,full_call,24,simple_python_15,1.0,0.0,1.0
0.6,full_call,24,simple_python_158,0.0,0.0,0.0
0.6,full_call,24,simple_python_170,1.0,0.0,1.0
0.6,full_call,24,simple_python_207,1.0,0.0,1.0
0.6,full_call,24,simple_python_228,1.0,0.0,1.0
0.6,full_call,24,simple_python_237,1.0,0.0,1.0
0.6,full_call,24,simple_python_239,1.0,0.0,1.0
0.6,full_call,24,simple_python_275,1.0,0.0,1.0
0.6,full_call,24,simple_python_288,1.0,0.0,1.0
0.6,full_call,24,simple_python_366,1.0,0.0,1.0
0.6,full_call,24,simple_python_398,1.0,0.0,1.0
0.6,full_call,24,simple_python_44,1.0,0.0,1.0
0.6,full_call,24,simple_python_77,0.0,0.0,0.0
0.6,full_call,24,simple_python_86,0.0,0.0,0.0
0.6,full_call,24,simple_python_97,1.0,0.0,1.0
0.6,full_call,24,simple_python_98,0.0,0.0,0.0
0.6,full_call,25,simple_python_102,0.0,0.0,0.0
0.6,full_call,25,simple_python_112,0.0,0.0,0.0
0.6,full_call,25,simple_python_129,0.0,0.0,0.0
0.6,full_call,25,simple_python_143,1.0,0.0,1.0
0.6,full_call,25,simple_python_15,1.0,1.0,0.0
0.6,full_call,25,simple_python_158,0.0,0.0,0.0
0.6,full_call,25,simple_python_170,1.0,1.0,0.0
0.6,full_call,25,simple_python_207,1.0,1.0,0.0
0.6,full_call,25,simple_python_228,1.0,1.0,0.0
0.6,full_call,25,simple_python_237,1.0,1.0,0.0
0.6,full_call,25,simple_python_239,1.0,0.0,1.0
0.6,full_call,25,simple_python_275,1.0,1.0,0.0
0.6,full_call,25,simple_python_288,1.0,0.0,1.0
0.6,full_call,25,simple_python_366,1.0,1.0,0.0
0.6,full_call,25,simple_python_398,1.0,1.0,0.0
0.6,full_call,25,simple_python_44,1.0,0.0,1.0
0.6,full_call,25,simple_python_77,0.0,0.0,0.0
0.6,full_call,25,simple_python_86,0.0,0.0,0.0
0.6,full_call,25,simple_python_97,1.0,0.0,1.0
0.6,full_call,25,simple_python_98,0.0,0.0,0.0
0.6,full_call,26,simple_python_102,0.0,0.0,0.0
0.6,full_call,26,simple_python_112,0.0,0.0,0.0
0.6,full_call,26,simple_python_129,0.0,0.0,0.0
0.6,full_call,26,simple_python_143,1.0,0.0,1.0
0.6,full_call,26,simple_python_15,1.0,0.0,1.0
0.6,full_call,26,simple_python_158,0.0,0.0,0.0
0.6,full_call,26,simple_python_170,1.0,0.0,1.0
0.6,full_call,26,simple_python_207,1.0,0.0,1.0
0.6,full_call,26,simple_python_228,1.0,0.0,1.0
0.6,full_call,26,simple_python_237,1.0,0.0,1.0
0.6,full_call,26,simple_python_239,1.0,0.0,1.0
0.6,full_call,26,simple_python_275,1.0,0.0,1.0
0.6,full_call,26,simple_python_288,1.0,0.0,1.0
0.6,full_call,26,simple_python_366,1.0,0.0,1.0
0.6,full_call,26,simple_python_398,1.0,0.0,1.0
0.6,full_call,26,simple_python_44,1.0,0.0,1.0
0.6,full_call,26,simple_python_77,0.0,0.0,0.0
0.6,full_call,26,simple_python_86,0.0,0.0,0.0
0.6,full_call,26,simple_python_97,1.0,0.0,1.0
0.6,full_call,26,simple_python_98,0.0,0.0,0.0
0.6,full_call,27,simple_python_102,0.0,0.0,0.0
0.6,full_call,27,simple_python_112,0.0,0.0,0.0
0.6,full_call,27,simple_python_129,0.0,0.0,0.0
0.6,full_call,27,simple_python_143,1.0,0.0,1.0
0.6,full_call,27,simple_python_15,1.0,0.0,1.0
0.6,full_call,27,simple_python_158,0.0,0.0,0.0
0.6,full_call,27,simple_python_170,1.0,0.0,1.0
0.6,full_call,27,simple_python_207,1.0,0.0,1.0
0.6,full_call,27,simple_python_228,1.0,0.0,1.0
0.6,full_call,27,simple_python_237,1.0,0.0,1.0
0.6,full_call,27,simple_python_239,1.0,0.0,1.0
0.6,full_call,27,simple_python_275,1.0,1.0,0.0
0.6,full_call,27,simple_python_288,1.0,1.0,0.0
0.6,full_call,27,simple_python_366,1.0,0.0,1.0
0.6,full_call,27,simple_python_398,1.0,1.0,0.0
0.6,full_call,27,simple_python_44,1.0,0.0,1.0
0.6,full_call,27,simple_python_77,0.0,0.0,0.0
0.6,full_call,27,simple_python_86,0.0,0.0,0.0
0.6,full_call,27,simple_python_97,1.0,0.0,1.0
0.6,full_call,27,simple_python_98,0.0,0.0,0.0
1.7,tool_selection,0,simple_python_102,1.0,0.0,1.0
1.7,tool_selection,0,simple_python_112,1.0,0.0,1.0
1.7,tool_selection,0,simple_python_129,1.0,0.0,1.0
1.7,tool_selection,0,simple_python_143,1.0,0.0,1.0
1.7,tool_selection,0,simple_python_15,1.0,0.0,1.0
1.7,tool_selection,0,simple_python_158,1.0,0.0,1.0
1.7,tool_selection,0,simple_python_170,1.0,0.0,1.0
1.7,tool_selection,0,simple_python_207,1.0,0.0,1.0
1.7,tool_selection,0,simple_python_228,1.0,0.0,1.0
1.7,tool_selection,0,simple_python_237,1.0,0.0,1.0
1.7,tool_selection,0,simple_python_239,1.0,0.0,1.0
1.7,tool_selection,0,simple_python_275,1.0,0.0,1.0
1.7,tool_selection,0,simple_python_288,1.0,0.0,1.0
1.7,tool_selection,0,simple_python_366,1.0,0.0,1.0
1.7,tool_selection,0,simple_python_398,1.0,0.0,1.0
1.7,tool_selection,0,simple_python_44,1.0,0.0,1.0
1.7,tool_selection,0,simple_python_77,1.0,0.0,1.0
1.7,tool_selection,0,simple_python_86,1.0,0.0,1.0
1.7,tool_selection,0,simple_python_97,1.0,0.0,1.0
1.7,tool_selection,0,simple_python_98,1.0,0.0,1.0
1.7,tool_selection,1,simple_python_102,1.0,0.0,1.0
1.7,tool_selection,1,simple_python_112,1.0,1.0,0.0
1.7,tool_selection,1,simple_python_129,1.0,1.0,0.0
1.7,tool_selection,1,simple_python_143,1.0,1.0,0.0
1.7,tool_selection,1,simple_python_15,1.0,1.0,0.0
1.7,tool_selection,1,simple_python_158,1.0,1.0,0.0
1.7,tool_selection,1,simple_python_170,1.0,1.0,0.0
1.7,tool_selection,1,simple_python_207,1.0,1.0,0.0
1.7,tool_selection,1,simple_python_228,1.0,1.0,0.0
1.7,tool_selection,1,simple_python_237,1.0,1.0,0.0
1.7,tool_selection,1,simple_python_239,1.0,1.0,0.0
1.7,tool_selection,1,simple_python_275,1.0,1.0,0.0
1.7,tool_selection,1,simple_python_288,1.0,0.0,1.0
1.7,tool_selection,1,simple_python_366,1.0,0.0,1.0
1.7,tool_selection,1,simple_python_398,1.0,1.0,0.0
1.7,tool_selection,1,simple_python_44,1.0,1.0,0.0
1.7,tool_selection,1,simple_python_77,1.0,1.0,0.0
1.7,tool_selection,1,simple_python_86,1.0,1.0,0.0
1.7,tool_selection,1,simple_python_97,1.0,1.0,0.0
1.7,tool_selection,1,simple_python_98,1.0,1.0,0.0
1.7,tool_selection,2,simple_python_102,1.0,0.0,1.0
1.7,tool_selection,2,simple_python_112,1.0,0.0,1.0
1.7,tool_selection,2,simple_python_129,1.0,0.0,1.0
1.7,tool_selection,2,simple_python_143,1.0,0.0,1.0
1.7,tool_selection,2,simple_python_15,1.0,0.0,1.0
1.7,tool_selection,2,simple_python_158,1.0,0.0,1.0
1.7,tool_selection,2,simple_python_170,1.0,0.0,1.0
1.7,tool_selection,2,simple_python_207,1.0,0.0,1.0
1.7,tool_selection,2,simple_python_228,1.0,0.0,1.0
1.7,tool_selection,2,simple_python_237,1.0,0.0,1.0
1.7,tool_selection,2,simple_python_239,1.0,0.0,1.0
1.7,tool_selection,2,simple_python_275,1.0,0.0,1.0
1.7,tool_selection,2,simple_python_288,1.0,0.0,1.0
1.7,tool_selection,2,simple_python_366,1.0,0.0,1.0
1.7,tool_selection,2,simple_python_398,1.0,0.0,1.0
1.7,tool_selection,2,simple_python_44,1.0,0.0,1.0
1.7,tool_selection,2,simple_python_77,1.0,0.0,1.0
1.7,tool_selection,2,simple_python_86,1.0,0.0,1.0
1.7,tool_selection,2,simple_python_97,1.0,0.0,1.0
1.7,tool_selection,2,simple_python_98,1.0,0.0,1.0
1.7,tool_selection,3,simple_python_102,1.0,1.0,0.0
1.7,tool_selection,3,simple_python_112,1.0,1.0,0.0
1.7,tool_selection,3,simple_python_129,1.0,1.0,0.0
1.7,tool_selection,3,simple_python_143,1.0,1.0,0.0
1.7,tool_selection,3,simple_python_15,1.0,1.0,0.0
1.7,tool_selection,3,simple_python_158,1.0,1.0,0.0
1.7,tool_selection,3,simple_python_170,1.0,1.0,0.0
1.7,tool_selection,3,simple_python_207,1.0,1.0,0.0
1.7,tool_selection,3,simple_python_228,1.0,1.0,0.0
1.7,tool_selection,3,simple_python_237,1.0,1.0,0.0
1.7,tool_selection,3,simple_python_239,1.0,1.0,0.0
1.7,tool_selection,3,simple_python_275,1.0,1.0,0.0
1.7,tool_selection,3,simple_python_288,1.0,1.0,0.0
1.7,tool_selection,3,simple_python_366,1.0,1.0,0.0
1.7,tool_selection,3,simple_python_398,1.0,1.0,0.0
1.7,tool_selection,3,simple_python_44,1.0,1.0,0.0
1.7,tool_selection,3,simple_python_77,1.0,1.0,0.0
1.7,tool_selection,3,simple_python_86,1.0,1.0,0.0
1.7,tool_selection,3,simple_python_97,1.0,1.0,0.0
1.7,tool_selection,3,simple_python_98,1.0,1.0,0.0
1.7,tool_selection,4,simple_python_102,1.0,1.0,0.0
1.7,tool_selection,4,simple_python_112,1.0,0.0,1.0
1.7,tool_selection,4,simple_python_129,1.0,1.0,0.0
1.7,tool_selection,4,simple_python_143,1.0,1.0,0.0
1.7,tool_selection,4,simple_python_15,1.0,1.0,0.0
1.7,tool_selection,4,simple_python_158,1.0,1.0,0.0
1.7,tool_selection,4,simple_python_170,1.0,1.0,0.0
1.7,tool_selection,4,simple_python_207,1.0,1.0,0.0
1.7,tool_selection,4,simple_python_228,1.0,1.0,0.0
1.7,tool_selection,4,simple_python_237,1.0,1.0,0.0
1.7,tool_selection,4,simple_python_239,1.0,1.0,0.0
1.7,tool_selection,4,simple_python_275,1.0,1.0,0.0
1.7,tool_selection,4,simple_python_288,1.0,1.0,0.0
1.7,tool_selection,4,simple_python_366,1.0,1.0,0.0
1.7,tool_selection,4,simple_python_398,1.0,1.0,0.0
1.7,tool_selection,4,simple_python_44,1.0,1.0,0.0
1.7,tool_selection,4,simple_python_77,1.0,1.0,0.0
1.7,tool_selection,4,simple_python_86,1.0,1.0,0.0
1.7,tool_selection,4,simple_python_97,1.0,1.0,0.0
1.7,tool_selection,4,simple_python_98,1.0,1.0,0.0
1.7,tool_selection,5,simple_python_102,1.0,1.0,0.0
1.7,tool_selection,5,simple_python_112,1.0,1.0,0.0
1.7,tool_selection,5,simple_python_129,1.0,1.0,0.0
1.7,tool_selection,5,simple_python_143,1.0,1.0,0.0
1.7,tool_selection,5,simple_python_15,1.0,1.0,0.0
1.7,tool_selection,5,simple_python_158,1.0,1.0,0.0
1.7,tool_selection,5,simple_python_170,1.0,1.0,0.0
1.7,tool_selection,5,simple_python_207,1.0,1.0,0.0
1.7,tool_selection,5,simple_python_228,1.0,1.0,0.0
1.7,tool_selection,5,simple_python_237,1.0,1.0,0.0
1.7,tool_selection,5,simple_python_239,1.0,1.0,0.0
1.7,tool_selection,5,simple_python_275,1.0,1.0,0.0
1.7,tool_selection,5,simple_python_288,1.0,1.0,0.0
1.7,tool_selection,5,simple_python_366,1.0,1.0,0.0
1.7,tool_selection,5,simple_python_398,1.0,1.0,0.0
1.7,tool_selection,5,simple_python_44,1.0,1.0,0.0
1.7,tool_selection,5,simple_python_77,1.0,1.0,0.0
1.7,tool_selection,5,simple_python_86,1.0,1.0,0.0
1.7,tool_selection,5,simple_python_97,1.0,1.0,0.0
1.7,tool_selection,5,simple_python_98,1.0,1.0,0.0
1.7,tool_selection,6,simple_python_102,1.0,1.0,0.0
1.7,tool_selection,6,simple_python_112,1.0,1.0,0.0
1.7,tool_selection,6,simple_python_129,1.0,1.0,0.0
1.7,tool_selection,6,simple_python_143,1.0,1.0,0.0
1.7,tool_selection,6,simple_python_15,1.0,1.0,0.0
1.7,tool_selection,6,simple_python_158,1.0,1.0,0.0
1.7,tool_selection,6,simple_python_170,1.0,1.0,0.0
1.7,tool_selection,6,simple_python_207,1.0,1.0,0.0
1.7,tool_selection,6,simple_python_228,1.0,1.0,0.0
1.7,tool_selection,6,simple_python_237,1.0,1.0,0.0
1.7,tool_selection,6,simple_python_239,1.0,1.0,0.0
1.7,tool_selection,6,simple_python_275,1.0,1.0,0.0
1.7,tool_selection,6,simple_python_288,1.0,1.0,0.0
1.7,tool_selection,6,simple_python_366,1.0,1.0,0.0
1.7,tool_selection,6,simple_python_398,1.0,1.0,0.0
1.7,tool_selection,6,simple_python_44,1.0,1.0,0.0
1.7,tool_selection,6,simple_python_77,1.0,1.0,0.0
1.7,tool_selection,6,simple_python_86,1.0,1.0,0.0
1.7,tool_selection,6,simple_python_97,1.0,1.0,0.0
1.7,tool_selection,6,simple_python_98,1.0,1.0,0.0
1.7,tool_selection,7,simple_python_102,1.0,1.0,0.0
1.7,tool_selection,7,simple_python_112,1.0,1.0,0.0
1.7,tool_selection,7,simple_python_129,1.0,1.0,0.0
1.7,tool_selection,7,simple_python_143,1.0,1.0,0.0
1.7,tool_selection,7,simple_python_15,1.0,1.0,0.0
1.7,tool_selection,7,simple_python_158,1.0,1.0,0.0
1.7,tool_selection,7,simple_python_170,1.0,1.0,0.0
1.7,tool_selection,7,simple_python_207,1.0,1.0,0.0
1.7,tool_selection,7,simple_python_228,1.0,1.0,0.0
1.7,tool_selection,7,simple_python_237,1.0,1.0,0.0
1.7,tool_selection,7,simple_python_239,1.0,1.0,0.0
1.7,tool_selection,7,simple_python_275,1.0,1.0,0.0
1.7,tool_selection,7,simple_python_288,1.0,1.0,0.0
1.7,tool_selection,7,simple_python_366,1.0,1.0,0.0
1.7,tool_selection,7,simple_python_398,1.0,1.0,0.0
1.7,tool_selection,7,simple_python_44,1.0,1.0,0.0
1.7,tool_selection,7,simple_python_77,1.0,1.0,0.0
1.7,tool_selection,7,simple_python_86,1.0,1.0,0.0
1.7,tool_selection,7,simple_python_97,1.0,1.0,0.0
1.7,tool_selection,7,simple_python_98,1.0,1.0,0.0
1.7,tool_selection,8,simple_python_102,1.0,1.0,0.0
1.7,tool_selection,8,simple_python_112,1.0,1.0,0.0
1.7,tool_selection,8,simple_python_129,1.0,1.0,0.0
1.7,tool_selection,8,simple_python_143,1.0,1.0,0.0
1.7,tool_selection,8,simple_python_15,1.0,1.0,0.0
1.7,tool_selection,8,simple_python_158,1.0,1.0,0.0
1.7,tool_selection,8,simple_python_170,1.0,1.0,0.0
1.7,tool_selection,8,simple_python_207,1.0,1.0,0.0
1.7,tool_selection,8,simple_python_228,1.0,1.0,0.0
1.7,tool_selection,8,simple_python_237,1.0,1.0,0.0
1.7,tool_selection,8,simple_python_239,1.0,1.0,0.0
1.7,tool_selection,8,simple_python_275,1.0,1.0,0.0
1.7,tool_selection,8,simple_python_288,1.0,1.0,0.0
1.7,tool_selection,8,simple_python_366,1.0,1.0,0.0
1.7,tool_selection,8,simple_python_398,1.0,1.0,0.0
1.7,tool_selection,8,simple_python_44,1.0,1.0,0.0
1.7,tool_selection,8,simple_python_77,1.0,1.0,0.0
1.7,tool_selection,8,simple_python_86,1.0,1.0,0.0
1.7,tool_selection,8,simple_python_97,1.0,1.0,0.0
1.7,tool_selection,8,simple_python_98,1.0,1.0,0.0
1.7,tool_selection,9,simple_python_102,1.0,1.0,0.0
1.7,tool_selection,9,simple_python_112,1.0,1.0,0.0
1.7,tool_selection,9,simple_python_129,1.0,1.0,0.0
1.7,tool_selection,9,simple_python_143,1.0,1.0,0.0
1.7,tool_selection,9,simple_python_15,1.0,1.0,0.0
1.7,tool_selection,9,simple_python_158,1.0,1.0,0.0
1.7,tool_selection,9,simple_python_170,1.0,1.0,0.0
1.7,tool_selection,9,simple_python_207,1.0,1.0,0.0
1.7,tool_selection,9,simple_python_228,1.0,1.0,0.0
1.7,tool_selection,9,simple_python_237,1.0,1.0,0.0
1.7,tool_selection,9,simple_python_239,1.0,1.0,0.0
1.7,tool_selection,9,simple_python_275,1.0,1.0,0.0
1.7,tool_selection,9,simple_python_288,1.0,1.0,0.0
1.7,tool_selection,9,simple_python_366,1.0,1.0,0.0
1.7,tool_selection,9,simple_python_398,1.0,1.0,0.0
1.7,tool_selection,9,simple_python_44,1.0,1.0,0.0
1.7,tool_selection,9,simple_python_77,1.0,1.0,0.0
1.7,tool_selection,9,simple_python_86,1.0,1.0,0.0
1.7,tool_selection,9,simple_python_97,1.0,1.0,0.0
1.7,tool_selection,9,simple_python_98,1.0,1.0,0.0
1.7,tool_selection,10,simple_python_102,1.0,0.0,1.0
1.7,tool_selection,10,simple_python_112,1.0,1.0,0.0
1.7,tool_selection,10,simple_python_129,1.0,1.0,0.0
1.7,tool_selection,10,simple_python_143,1.0,1.0,0.0
1.7,tool_selection,10,simple_python_15,1.0,1.0,0.0
1.7,tool_selection,10,simple_python_158,1.0,1.0,0.0
1.7,tool_selection,10,simple_python_170,1.0,1.0,0.0
1.7,tool_selection,10,simple_python_207,1.0,1.0,0.0
1.7,tool_selection,10,simple_python_228,1.0,1.0,0.0
1.7,tool_selection,10,simple_python_237,1.0,1.0,0.0
1.7,tool_selection,10,simple_python_239,1.0,1.0,0.0
1.7,tool_selection,10,simple_python_275,1.0,1.0,0.0
1.7,tool_selection,10,simple_python_288,1.0,1.0,0.0
1.7,tool_selection,10,simple_python_366,1.0,1.0,0.0
1.7,tool_selection,10,simple_python_398,1.0,1.0,0.0
1.7,tool_selection,10,simple_python_44,1.0,1.0,0.0
1.7,tool_selection,10,simple_python_77,1.0,1.0,0.0
1.7,tool_selection,10,simple_python_86,1.0,1.0,0.0
1.7,tool_selection,10,simple_python_97,1.0,1.0,0.0
1.7,tool_selection,10,simple_python_98,1.0,1.0,0.0
1.7,tool_selection,11,simple_python_102,1.0,0.0,1.0
1.7,tool_selection,11,simple_python_112,1.0,0.0,1.0
1.7,tool_selection,11,simple_python_129,1.0,0.0,1.0
1.7,tool_selection,11,simple_python_143,1.0,0.0,1.0
1.7,tool_selection,11,simple_python_15,1.0,0.0,1.0
1.7,tool_selection,11,simple_python_158,1.0,0.0,1.0
1.7,tool_selection,11,simple_python_170,1.0,0.0,1.0
1.7,tool_selection,11,simple_python_207,1.0,0.0,1.0
1.7,tool_selection,11,simple_python_228,1.0,0.0,1.0
1.7,tool_selection,11,simple_python_237,1.0,0.0,1.0
1.7,tool_selection,11,simple_python_239,1.0,0.0,1.0
1.7,tool_selection,11,simple_python_275,1.0,0.0,1.0
1.7,tool_selection,11,simple_python_288,1.0,0.0,1.0
1.7,tool_selection,11,simple_python_366,1.0,0.0,1.0
1.7,tool_selection,11,simple_python_398,1.0,0.0,1.0
1.7,tool_selection,11,simple_python_44,1.0,0.0,1.0
1.7,tool_selection,11,simple_python_77,1.0,0.0,1.0
1.7,tool_selection,11,simple_python_86,1.0,0.0,1.0
1.7,tool_selection,11,simple_python_97,1.0,0.0,1.0
1.7,tool_selection,11,simple_python_98,1.0,0.0,1.0
1.7,tool_selection,12,simple_python_102,1.0,0.0,1.0
1.7,tool_selection,12,simple_python_112,1.0,1.0,0.0
1.7,tool_selection,12,simple_python_129,1.0,0.0,1.0
1.7,tool_selection,12,simple_python_143,1.0,1.0,0.0
1.7,tool_selection,12,simple_python_15,1.0,0.0,1.0
1.7,tool_selection,12,simple_python_158,1.0,0.0,1.0
1.7,tool_selection,12,simple_python_170,1.0,1.0,0.0
1.7,tool_selection,12,simple_python_207,1.0,0.0,1.0
1.7,tool_selection,12,simple_python_228,1.0,1.0,0.0
1.7,tool_selection,12,simple_python_237,1.0,1.0,0.0
1.7,tool_selection,12,simple_python_239,1.0,1.0,0.0
1.7,tool_selection,12,simple_python_275,1.0,1.0,0.0
1.7,tool_selection,12,simple_python_288,1.0,1.0,0.0
1.7,tool_selection,12,simple_python_366,1.0,0.0,1.0
1.7,tool_selection,12,simple_python_398,1.0,0.0,1.0
1.7,tool_selection,12,simple_python_44,1.0,1.0,0.0
1.7,tool_selection,12,simple_python_77,1.0,1.0,0.0
1.7,tool_selection,12,simple_python_86,1.0,1.0,0.0
1.7,tool_selection,12,simple_python_97,1.0,0.0,1.0
1.7,tool_selection,12,simple_python_98,1.0,0.0,1.0
1.7,tool_selection,13,simple_python_102,1.0,1.0,0.0
1.7,tool_selection,13,simple_python_112,1.0,1.0,0.0
1.7,tool_selection,13,simple_python_129,1.0,1.0,0.0
1.7,tool_selection,13,simple_python_143,1.0,1.0,0.0
1.7,tool_selection,13,simple_python_15,1.0,1.0,0.0
1.7,tool_selection,13,simple_python_158,1.0,1.0,0.0
1.7,tool_selection,13,simple_python_170,1.0,1.0,0.0
1.7,tool_selection,13,simple_python_207,1.0,1.0,0.0
1.7,tool_selection,13,simple_python_228,1.0,1.0,0.0
1.7,tool_selection,13,simple_python_237,1.0,1.0,0.0
1.7,tool_selection,13,simple_python_239,1.0,1.0,0.0
1.7,tool_selection,13,simple_python_275,1.0,1.0,0.0
1.7,tool_selection,13,simple_python_288,1.0,1.0,0.0
1.7,tool_selection,13,simple_python_366,1.0,1.0,0.0
1.7,tool_selection,13,simple_python_398,1.0,1.0,0.0
1.7,tool_selection,13,simple_python_44,1.0,1.0,0.0
1.7,tool_selection,13,simple_python_77,1.0,1.0,0.0
1.7,tool_selection,13,simple_python_86,1.0,1.0,0.0
1.7,tool_selection,13,simple_python_97,1.0,1.0,0.0
1.7,tool_selection,13,simple_python_98,1.0,1.0,0.0
1.7,tool_selection,14,simple_python_102,1.0,0.0,1.0
1.7,tool_selection,14,simple_python_112,1.0,0.0,1.0
1.7,tool_selection,14,simple_python_129,1.0,1.0,0.0
1.7,tool_selection,14,simple_python_143,1.0,1.0,0.0
1.7,tool_selection,14,simple_python_15,1.0,1.0,0.0
1.7,tool_selection,14,simple_python_158,1.0,0.0,1.0
1.7,tool_selection,14,simple_python_170,1.0,1.0,0.0
1.7,tool_selection,14,simple_python_207,1.0,0.0,1.0
1.7,tool_selection,14,simple_python_228,1.0,1.0,0.0
1.7,tool_selection,14,simple_python_237,1.0,1.0,0.0
1.7,tool_selection,14,simple_python_239,1.0,0.0,1.0
1.7,tool_selection,14,simple_python_275,1.0,1.0,0.0
1.7,tool_selection,14,simple_python_288,1.0,1.0,0.0
1.7,tool_selection,14,simple_python_366,1.0,1.0,0.0
1.7,tool_selection,14,simple_python_398,1.0,0.0,1.0
1.7,tool_selection,14,simple_python_44,1.0,1.0,0.0
1.7,tool_selection,14,simple_python_77,1.0,1.0,0.0
1.7,tool_selection,14,simple_python_86,1.0,1.0,0.0
1.7,tool_selection,14,simple_python_97,1.0,1.0,0.0
1.7,tool_selection,14,simple_python_98,1.0,1.0,0.0
1.7,tool_selection,15,simple_python_102,1.0,0.0,1.0
1.7,tool_selection,15,simple_python_112,1.0,0.0,1.0
1.7,tool_selection,15,simple_python_129,1.0,1.0,0.0
1.7,tool_selection,15,simple_python_143,1.0,1.0,0.0
1.7,tool_selection,15,simple_python_15,1.0,1.0,0.0
1.7,tool_selection,15,simple_python_158,1.0,1.0,0.0
1.7,tool_selection,15,simple_python_170,1.0,1.0,0.0
1.7,tool_selection,15,simple_python_207,1.0,1.0,0.0
1.7,tool_selection,15,simple_python_228,1.0,1.0,0.0
1.7,tool_selection,15,simple_python_237,1.0,1.0,0.0
1.7,tool_selection,15,simple_python_239,1.0,1.0,0.0
1.7,tool_selection,15,simple_python_275,1.0,1.0,0.0
1.7,tool_selection,15,simple_python_288,1.0,1.0,0.0
1.7,tool_selection,15,simple_python_366,1.0,1.0,0.0
1.7,tool_selection,15,simple_python_398,1.0,1.0,0.0
1.7,tool_selection,15,simple_python_44,1.0,1.0,0.0
1.7,tool_selection,15,simple_python_77,1.0,1.0,0.0
1.7,tool_selection,15,simple_python_86,1.0,1.0,0.0
1.7,tool_selection,15,simple_python_97,1.0,1.0,0.0
1.7,tool_selection,15,simple_python_98,1.0,1.0,0.0
1.7,tool_selection,16,simple_python_102,1.0,1.0,0.0
1.7,tool_selection,16,simple_python_112,1.0,1.0,0.0
1.7,tool_selection,16,simple_python_129,1.0,1.0,0.0
1.7,tool_selection,16,simple_python_143,1.0,1.0,0.0
1.7,tool_selection,16,simple_python_15,1.0,1.0,0.0
1.7,tool_selection,16,simple_python_158,1.0,1.0,0.0
1.7,tool_selection,16,simple_python_170,1.0,1.0,0.0
1.7,tool_selection,16,simple_python_207,1.0,1.0,0.0
1.7,tool_selection,16,simple_python_228,1.0,1.0,0.0
1.7,tool_selection,16,simple_python_237,1.0,1.0,0.0
1.7,tool_selection,16,simple_python_239,1.0,1.0,0.0
1.7,tool_selection,16,simple_python_275,1.0,1.0,0.0
1.7,tool_selection,16,simple_python_288,1.0,1.0,0.0
1.7,tool_selection,16,simple_python_366,1.0,1.0,0.0
1.7,tool_selection,16,simple_python_398,1.0,1.0,0.0
1.7,tool_selection,16,simple_python_44,1.0,1.0,0.0
1.7,tool_selection,16,simple_python_77,1.0,1.0,0.0
1.7,tool_selection,16,simple_python_86,1.0,1.0,0.0
1.7,tool_selection,16,simple_python_97,1.0,1.0,0.0
1.7,tool_selection,16,simple_python_98,1.0,1.0,0.0
1.7,tool_selection,17,simple_python_102,1.0,1.0,0.0
1.7,tool_selection,17,simple_python_112,1.0,1.0,0.0
1.7,tool_selection,17,simple_python_129,1.0,1.0,0.0
1.7,tool_selection,17,simple_python_143,1.0,1.0,0.0
1.7,tool_selection,17,simple_python_15,1.0,1.0,0.0
1.7,tool_selection,17,simple_python_158,1.0,1.0,0.0
1.7,tool_selection,17,simple_python_170,1.0,1.0,0.0
1.7,tool_selection,17,simple_python_207,1.0,1.0,0.0
1.7,tool_selection,17,simple_python_228,1.0,1.0,0.0
1.7,tool_selection,17,simple_python_237,1.0,1.0,0.0
1.7,tool_selection,17,simple_python_239,1.0,1.0,0.0
1.7,tool_selection,17,simple_python_275,1.0,0.0,1.0
1.7,tool_selection,17,simple_python_288,1.0,1.0,0.0
1.7,tool_selection,17,simple_python_366,1.0,1.0,0.0
1.7,tool_selection,17,simple_python_398,1.0,1.0,0.0
1.7,tool_selection,17,simple_python_44,1.0,1.0,0.0
1.7,tool_selection,17,simple_python_77,1.0,0.0,1.0
1.7,tool_selection,17,simple_python_86,1.0,1.0,0.0
1.7,tool_selection,17,simple_python_97,1.0,1.0,0.0
1.7,tool_selection,17,simple_python_98,1.0,1.0,0.0
1.7,tool_selection,18,simple_python_102,1.0,1.0,0.0
1.7,tool_selection,18,simple_python_112,1.0,0.0,1.0
1.7,tool_selection,18,simple_python_129,1.0,0.0,1.0
1.7,tool_selection,18,simple_python_143,1.0,1.0,0.0
1.7,tool_selection,18,simple_python_15,1.0,1.0,0.0
1.7,tool_selection,18,simple_python_158,1.0,1.0,0.0
1.7,tool_selection,18,simple_python_170,1.0,1.0,0.0
1.7,tool_selection,18,simple_python_207,1.0,1.0,0.0
1.7,tool_selection,18,simple_python_228,1.0,1.0,0.0
1.7,tool_selection,18,simple_python_237,1.0,1.0,0.0
1.7,tool_selection,18,simple_python_239,1.0,1.0,0.0
1.7,tool_selection,18,simple_python_275,1.0,1.0,0.0
1.7,tool_selection,18,simple_python_288,1.0,1.0,0.0
1.7,tool_selection,18,simple_python_366,1.0,1.0,0.0
1.7,tool_selection,18,simple_python_398,1.0,1.0,0.0
1.7,tool_selection,18,simple_python_44,1.0,1.0,0.0
1.7,tool_selection,18,simple_python_77,1.0,1.0,0.0
1.7,tool_selection,18,simple_python_86,1.0,1.0,0.0
1.7,tool_selection,18,simple_python_97,1.0,1.0,0.0
1.7,tool_selection,18,simple_python_98,1.0,1.0,0.0
1.7,tool_selection,19,simple_python_102,1.0,1.0,0.0
1.7,tool_selection,19,simple_python_112,1.0,0.0,1.0
1.7,tool_selection,19,simple_python_129,1.0,0.0,1.0
1.7,tool_selection,19,simple_python_143,1.0,1.0,0.0
1.7,tool_selection,19,simple_python_15,1.0,1.0,0.0
1.7,tool_selection,19,simple_python_158,1.0,1.0,0.0
1.7,tool_selection,19,simple_python_170,1.0,1.0,0.0
1.7,tool_selection,19,simple_python_207,1.0,1.0,0.0
1.7,tool_selection,19,simple_python_228,1.0,1.0,0.0
1.7,tool_selection,19,simple_python_237,1.0,1.0,0.0
1.7,tool_selection,19,simple_python_239,1.0,1.0,0.0
1.7,tool_selection,19,simple_python_275,1.0,0.0,1.0
1.7,tool_selection,19,simple_python_288,1.0,0.0,1.0
1.7,tool_selection,19,simple_python_366,1.0,1.0,0.0
1.7,tool_selection,19,simple_python_398,1.0,1.0,0.0
1.7,tool_selection,19,simple_python_44,1.0,0.0,1.0
1.7,tool_selection,19,simple_python_77,1.0,0.0,1.0
1.7,tool_selection,19,simple_python_86,1.0,1.0,0.0
1.7,tool_selection,19,simple_python_97,1.0,0.0,1.0
1.7,tool_selection,19,simple_python_98,1.0,1.0,0.0
1.7,tool_selection,20,simple_python_102,1.0,0.0,1.0
1.7,tool_selection,20,simple_python_112,1.0,1.0,0.0
1.7,tool_selection,20,simple_python_129,1.0,0.0,1.0
1.7,tool_selection,20,simple_python_143,1.0,1.0,0.0
1.7,tool_selection,20,simple_python_15,1.0,1.0,0.0
1.7,tool_selection,20,simple_python_158,1.0,0.0,1.0
1.7,tool_selection,20,simple_python_170,1.0,0.0,1.0
1.7,tool_selection,20,simple_python_207,1.0,1.0,0.0
1.7,tool_selection,20,simple_python_228,1.0,1.0,0.0
1.7,tool_selection,20,simple_python_237,1.0,0.0,1.0
1.7,tool_selection,20,simple_python_239,1.0,0.0,1.0
1.7,tool_selection,20,simple_python_275,1.0,1.0,0.0
1.7,tool_selection,20,simple_python_288,1.0,1.0,0.0
1.7,tool_selection,20,simple_python_366,1.0,1.0,0.0
1.7,tool_selection,20,simple_python_398,1.0,1.0,0.0
1.7,tool_selection,20,simple_python_44,1.0,1.0,0.0
1.7,tool_selection,20,simple_python_77,1.0,0.0,1.0
1.7,tool_selection,20,simple_python_86,1.0,1.0,0.0
1.7,tool_selection,20,simple_python_97,1.0,0.0,1.0
1.7,tool_selection,20,simple_python_98,1.0,1.0,0.0
1.7,tool_selection,21,simple_python_102,1.0,0.0,1.0
1.7,tool_selection,21,simple_python_112,1.0,0.0,1.0
1.7,tool_selection,21,simple_python_129,1.0,1.0,0.0
1.7,tool_selection,21,simple_python_143,1.0,0.0,1.0
1.7,tool_selection,21,simple_python_15,1.0,0.0,1.0
1.7,tool_selection,21,simple_python_158,1.0,0.0,1.0
1.7,tool_selection,21,simple_python_170,1.0,1.0,0.0
1.7,tool_selection,21,simple_python_207,1.0,0.0,1.0
1.7,tool_selection,21,simple_python_228,1.0,1.0,0.0
1.7,tool_selection,21,simple_python_237,1.0,1.0,0.0
1.7,tool_selection,21,simple_python_239,1.0,1.0,0.0
1.7,tool_selection,21,simple_python_275,1.0,0.0,1.0
1.7,tool_selection,21,simple_python_288,1.0,1.0,0.0
1.7,tool_selection,21,simple_python_366,1.0,1.0,0.0
1.7,tool_selection,21,simple_python_398,1.0,1.0,0.0
1.7,tool_selection,21,simple_python_44,1.0,1.0,0.0
1.7,tool_selection,21,simple_python_77,1.0,0.0,1.0
1.7,tool_selection,21,simple_python_86,1.0,0.0,1.0
1.7,tool_selection,21,simple_python_97,1.0,1.0,0.0
1.7,tool_selection,21,simple_python_98,1.0,0.0,1.0
1.7,tool_selection,22,simple_python_102,1.0,1.0,0.0
1.7,tool_selection,22,simple_python_112,1.0,1.0,0.0
1.7,tool_selection,22,simple_python_129,1.0,1.0,0.0
1.7,tool_selection,22,simple_python_143,1.0,1.0,0.0
1.7,tool_selection,22,simple_python_15,1.0,1.0,0.0
1.7,tool_selection,22,simple_python_158,1.0,1.0,0.0
1.7,tool_selection,22,simple_python_170,1.0,1.0,0.0
1.7,tool_selection,22,simple_python_207,1.0,1.0,0.0
1.7,tool_selection,22,simple_python_228,1.0,1.0,0.0
1.7,tool_selection,22,simple_python_237,1.0,1.0,0.0
1.7,tool_selection,22,simple_python_239,1.0,1.0,0.0
1.7,tool_selection,22,simple_python_275,1.0,1.0,0.0
1.7,tool_selection,22,simple_python_288,1.0,1.0,0.0
1.7,tool_selection,22,simple_python_366,1.0,1.0,0.0
1.7,tool_selection,22,simple_python_398,1.0,1.0,0.0
1.7,tool_selection,22,simple_python_44,1.0,1.0,0.0
1.7,tool_selection,22,simple_python_77,1.0,1.0,0.0
1.7,tool_selection,22,simple_python_86,1.0,1.0,0.0
1.7,tool_selection,22,simple_python_97,1.0,1.0,0.0
1.7,tool_selection,22,simple_python_98,1.0,1.0,0.0
1.7,tool_selection,23,simple_python_102,1.0,1.0,0.0
1.7,tool_selection,23,simple_python_112,1.0,1.0,0.0
1.7,tool_selection,23,simple_python_129,1.0,1.0,0.0
1.7,tool_selection,23,simple_python_143,1.0,1.0,0.0
1.7,tool_selection,23,simple_python_15,1.0,1.0,0.0
1.7,tool_selection,23,simple_python_158,1.0,1.0,0.0
1.7,tool_selection,23,simple_python_170,1.0,1.0,0.0
1.7,tool_selection,23,simple_python_207,1.0,1.0,0.0
1.7,tool_selection,23,simple_python_228,1.0,1.0,0.0
1.7,tool_selection,23,simple_python_237,1.0,1.0,0.0
1.7,tool_selection,23,simple_python_239,1.0,1.0,0.0
1.7,tool_selection,23,simple_python_275,1.0,1.0,0.0
1.7,tool_selection,23,simple_python_288,1.0,1.0,0.0
1.7,tool_selection,23,simple_python_366,1.0,1.0,0.0
1.7,tool_selection,23,simple_python_398,1.0,1.0,0.0
1.7,tool_selection,23,simple_python_44,1.0,1.0,0.0
1.7,tool_selection,23,simple_python_77,1.0,1.0,0.0
1.7,tool_selection,23,simple_python_86,1.0,1.0,0.0
1.7,tool_selection,23,simple_python_97,1.0,1.0,0.0
1.7,tool_selection,23,simple_python_98,1.0,1.0,0.0
1.7,tool_selection,24,simple_python_102,1.0,0.0,1.0
1.7,tool_selection,24,simple_python_112,1.0,0.0,1.0
1.7,tool_selection,24,simple_python_129,1.0,0.0,1.0
1.7,tool_selection,24,simple_python_143,1.0,0.0,1.0
1.7,tool_selection,24,simple_python_15,1.0,0.0,1.0
1.7,tool_selection,24,simple_python_158,1.0,0.0,1.0
1.7,tool_selection,24,simple_python_170,1.0,0.0,1.0
1.7,tool_selection,24,simple_python_207,1.0,0.0,1.0
1.7,tool_selection,24,simple_python_228,1.0,0.0,1.0
1.7,tool_selection,24,simple_python_237,1.0,0.0,1.0
1.7,tool_selection,24,simple_python_239,1.0,0.0,1.0
1.7,tool_selection,24,simple_python_275,1.0,0.0,1.0
1.7,tool_selection,24,simple_python_288,1.0,0.0,1.0
1.7,tool_selection,24,simple_python_366,1.0,0.0,1.0
1.7,tool_selection,24,simple_python_398,1.0,0.0,1.0
1.7,tool_selection,24,simple_python_44,1.0,1.0,0.0
1.7,tool_selection,24,simple_python_77,1.0,0.0,1.0
1.7,tool_selection,24,simple_python_86,1.0,0.0,1.0
1.7,tool_selection,24,simple_python_97,1.0,0.0,1.0
1.7,tool_selection,24,simple_python_98,1.0,0.0,1.0
1.7,tool_selection,25,simple_python_102,1.0,1.0,0.0
1.7,tool_selection,25,simple_python_112,1.0,1.0,0.0
1.7,tool_selection,25,simple_python_129,1.0,1.0,0.0
1.7,tool_selection,25,simple_python_143,1.0,1.0,0.0
1.7,tool_selection,25,simple_python_15,1.0,1.0,0.0
1.7,tool_selection,25,simple_python_158,1.0,1.0,0.0
1.7,tool_selection,25,simple_python_170,1.0,1.0,0.0
1.7,tool_selection,25,simple_python_207,1.0,1.0,0.0
1.7,tool_selection,25,simple_python_228,1.0,1.0,0.0
1.7,tool_selection,25,simple_python_237,1.0,1.0,0.0
1.7,tool_selection,25,simple_python_239,1.0,1.0,0.0
1.7,tool_selection,25,simple_python_275,1.0,1.0,0.0
1.7,tool_selection,25,simple_python_288,1.0,1.0,0.0
1.7,tool_selection,25,simple_python_366,1.0,1.0,0.0
1.7,tool_selection,25,simple_python_398,1.0,1.0,0.0
1.7,tool_selection,25,simple_python_44,1.0,1.0,0.0
1.7,tool_selection,25,simple_python_77,1.0,1.0,0.0
1.7,tool_selection,25,simple_python_86,1.0,1.0,0.0
1.7,tool_selection,25,simple_python_97,1.0,1.0,0.0
1.7,tool_selection,25,simple_python_98,1.0,1.0,0.0
1.7,tool_selection,26,simple_python_102,1.0,1.0,0.0
1.7,tool_selection,26,simple_python_112,1.0,1.0,0.0
1.7,tool_selection,26,simple_python_129,1.0,1.0,0.0
1.7,tool_selection,26,simple_python_143,1.0,1.0,0.0
1.7,tool_selection,26,simple_python_15,1.0,1.0,0.0
1.7,tool_selection,26,simple_python_158,1.0,1.0,0.0
1.7,tool_selection,26,simple_python_170,1.0,1.0,0.0
1.7,tool_selection,26,simple_python_207,1.0,1.0,0.0
1.7,tool_selection,26,simple_python_228,1.0,1.0,0.0
1.7,tool_selection,26,simple_python_237,1.0,1.0,0.0
1.7,tool_selection,26,simple_python_239,1.0,1.0,0.0
1.7,tool_selection,26,simple_python_275,1.0,1.0,0.0
1.7,tool_selection,26,simple_python_288,1.0,1.0,0.0
1.7,tool_selection,26,simple_python_366,1.0,1.0,0.0
1.7,tool_selection,26,simple_python_398,1.0,1.0,0.0
1.7,tool_selection,26,simple_python_44,1.0,1.0,0.0
1.7,tool_selection,26,simple_python_77,1.0,0.0,1.0
1.7,tool_selection,26,simple_python_86,1.0,1.0,0.0
1.7,tool_selection,26,simple_python_97,1.0,1.0,0.0
1.7,tool_selection,26,simple_python_98,1.0,1.0,0.0
1.7,tool_selection,27,simple_python_102,1.0,0.0,1.0
1.7,tool_selection,27,simple_python_112,1.0,0.0,1.0
1.7,tool_selection,27,simple_python_129,1.0,0.0,1.0
1.7,tool_selection,27,simple_python_143,1.0,0.0,1.0
1.7,tool_selection,27,simple_python_15,1.0,1.0,0.0
1.7,tool_selection,27,simple_python_158,1.0,0.0,1.0
1.7,tool_selection,27,simple_python_170,1.0,0.0,1.0
1.7,tool_selection,27,simple_python_207,1.0,1.0,0.0
1.7,tool_selection,27,simple_python_228,1.0,0.0,1.0
1.7,tool_selection,27,simple_python_237,1.0,1.0,0.0
1.7,tool_selection,27,simple_python_239,1.0,0.0,1.0
1.7,tool_selection,27,simple_python_275,1.0,0.0,1.0
1.7,tool_selection,27,simple_python_288,1.0,0.0,1.0
1.7,tool_selection,27,simple_python_366,1.0,0.0,1.0
1.7,tool_selection,27,simple_python_398,1.0,0.0,1.0
1.7,tool_selection,27,simple_python_44,1.0,0.0,1.0
1.7,tool_selection,27,simple_python_77,1.0,0.0,1.0
1.7,tool_selection,27,simple_python_86,1.0,0.0,1.0
1.7,tool_selection,27,simple_python_97,1.0,0.0,1.0
1.7,tool_selection,27,simple_python_98,1.0,0.0,1.0
1.7,argument_binding,0,simple_python_102,1.0,0.0,1.0
1.7,argument_binding,0,simple_python_112,1.0,0.0,1.0
1.7,argument_binding,0,simple_python_129,1.0,0.0,1.0
1.7,argument_binding,0,simple_python_143,1.0,0.0,1.0
1.7,argument_binding,0,simple_python_15,1.0,0.0,1.0
1.7,argument_binding,0,simple_python_158,0.0,0.0,0.0
1.7,argument_binding,0,simple_python_170,1.0,0.0,1.0
1.7,argument_binding,0,simple_python_207,1.0,0.0,1.0
1.7,argument_binding,0,simple_python_228,1.0,0.0,1.0
1.7,argument_binding,0,simple_python_237,1.0,0.0,1.0
1.7,argument_binding,0,simple_python_239,1.0,0.0,1.0
1.7,argument_binding,0,simple_python_275,1.0,0.0,1.0
1.7,argument_binding,0,simple_python_288,1.0,0.0,1.0
1.7,argument_binding,0,simple_python_366,1.0,0.0,1.0
1.7,argument_binding,0,simple_python_398,1.0,0.0,1.0
1.7,argument_binding,0,simple_python_44,1.0,0.0,1.0
1.7,argument_binding,0,simple_python_77,1.0,0.0,1.0
1.7,argument_binding,0,simple_python_86,1.0,0.0,1.0
1.7,argument_binding,0,simple_python_97,1.0,0.0,1.0
1.7,argument_binding,0,simple_python_98,1.0,0.0,1.0
1.7,argument_binding,1,simple_python_102,1.0,0.0,1.0
1.7,argument_binding,1,simple_python_112,1.0,0.0,1.0
1.7,argument_binding,1,simple_python_129,1.0,1.0,0.0
1.7,argument_binding,1,simple_python_143,1.0,0.0,1.0
1.7,argument_binding,1,simple_python_15,1.0,1.0,0.0
1.7,argument_binding,1,simple_python_158,0.0,0.0,0.0
1.7,argument_binding,1,simple_python_170,1.0,1.0,0.0
1.7,argument_binding,1,simple_python_207,1.0,0.0,1.0
1.7,argument_binding,1,simple_python_228,1.0,1.0,0.0
1.7,argument_binding,1,simple_python_237,1.0,1.0,0.0
1.7,argument_binding,1,simple_python_239,1.0,1.0,0.0
1.7,argument_binding,1,simple_python_275,1.0,1.0,0.0
1.7,argument_binding,1,simple_python_288,1.0,0.0,1.0
1.7,argument_binding,1,simple_python_366,1.0,0.0,1.0
1.7,argument_binding,1,simple_python_398,1.0,1.0,0.0
1.7,argument_binding,1,simple_python_44,1.0,1.0,0.0
1.7,argument_binding,1,simple_python_77,1.0,1.0,0.0
1.7,argument_binding,1,simple_python_86,1.0,1.0,0.0
1.7,argument_binding,1,simple_python_97,1.0,1.0,0.0
1.7,argument_binding,1,simple_python_98,1.0,1.0,0.0
1.7,argument_binding,2,simple_python_102,1.0,0.0,1.0
1.7,argument_binding,2,simple_python_112,1.0,0.0,1.0
1.7,argument_binding,2,simple_python_129,1.0,0.0,1.0
1.7,argument_binding,2,simple_python_143,1.0,0.0,1.0
1.7,argument_binding,2,simple_python_15,1.0,0.0,1.0
1.7,argument_binding,2,simple_python_158,0.0,0.0,0.0
1.7,argument_binding,2,simple_python_170,1.0,0.0,1.0
1.7,argument_binding,2,simple_python_207,1.0,0.0,1.0
1.7,argument_binding,2,simple_python_228,1.0,0.0,1.0
1.7,argument_binding,2,simple_python_237,1.0,0.0,1.0
1.7,argument_binding,2,simple_python_239,1.0,0.0,1.0
1.7,argument_binding,2,simple_python_275,1.0,0.0,1.0
1.7,argument_binding,2,simple_python_288,1.0,0.0,1.0
1.7,argument_binding,2,simple_python_366,1.0,0.0,1.0
1.7,argument_binding,2,simple_python_398,1.0,0.0,1.0
1.7,argument_binding,2,simple_python_44,1.0,0.0,1.0
1.7,argument_binding,2,simple_python_77,1.0,0.0,1.0
1.7,argument_binding,2,simple_python_86,1.0,0.0,1.0
1.7,argument_binding,2,simple_python_97,1.0,0.0,1.0
1.7,argument_binding,2,simple_python_98,1.0,0.0,1.0
1.7,argument_binding,3,simple_python_102,1.0,1.0,0.0
1.7,argument_binding,3,simple_python_112,1.0,0.0,1.0
1.7,argument_binding,3,simple_python_129,1.0,1.0,0.0
1.7,argument_binding,3,simple_python_143,1.0,1.0,0.0
1.7,argument_binding,3,simple_python_15,1.0,1.0,0.0
1.7,argument_binding,3,simple_python_158,0.0,0.0,0.0
1.7,argument_binding,3,simple_python_170,1.0,1.0,0.0
1.7,argument_binding,3,simple_python_207,1.0,1.0,0.0
1.7,argument_binding,3,simple_python_228,1.0,1.0,0.0
1.7,argument_binding,3,simple_python_237,1.0,1.0,0.0
1.7,argument_binding,3,simple_python_239,1.0,1.0,0.0
1.7,argument_binding,3,simple_python_275,1.0,1.0,0.0
1.7,argument_binding,3,simple_python_288,1.0,0.0,1.0
1.7,argument_binding,3,simple_python_366,1.0,1.0,0.0
1.7,argument_binding,3,simple_python_398,1.0,1.0,0.0
1.7,argument_binding,3,simple_python_44,1.0,1.0,0.0
1.7,argument_binding,3,simple_python_77,1.0,0.0,1.0
1.7,argument_binding,3,simple_python_86,1.0,1.0,0.0
1.7,argument_binding,3,simple_python_97,1.0,1.0,0.0
1.7,argument_binding,3,simple_python_98,1.0,1.0,0.0
1.7,argument_binding,4,simple_python_102,1.0,1.0,0.0
1.7,argument_binding,4,simple_python_112,1.0,0.0,1.0
1.7,argument_binding,4,simple_python_129,1.0,1.0,0.0
1.7,argument_binding,4,simple_python_143,1.0,1.0,0.0
1.7,argument_binding,4,simple_python_15,1.0,1.0,0.0
1.7,argument_binding,4,simple_python_158,0.0,0.0,0.0
1.7,argument_binding,4,simple_python_170,1.0,1.0,0.0
1.7,argument_binding,4,simple_python_207,1.0,1.0,0.0
1.7,argument_binding,4,simple_python_228,1.0,1.0,0.0
1.7,argument_binding,4,simple_python_237,1.0,1.0,0.0
1.7,argument_binding,4,simple_python_239,1.0,1.0,0.0
1.7,argument_binding,4,simple_python_275,1.0,1.0,0.0
1.7,argument_binding,4,simple_python_288,1.0,1.0,0.0
1.7,argument_binding,4,simple_python_366,1.0,1.0,0.0
1.7,argument_binding,4,simple_python_398,1.0,1.0,0.0
1.7,argument_binding,4,simple_python_44,1.0,1.0,0.0
1.7,argument_binding,4,simple_python_77,1.0,0.0,1.0
1.7,argument_binding,4,simple_python_86,1.0,1.0,0.0
1.7,argument_binding,4,simple_python_97,1.0,1.0,0.0
1.7,argument_binding,4,simple_python_98,1.0,1.0,0.0
1.7,argument_binding,5,simple_python_102,1.0,1.0,0.0
1.7,argument_binding,5,simple_python_112,1.0,0.0,1.0
1.7,argument_binding,5,simple_python_129,1.0,1.0,0.0
1.7,argument_binding,5,simple_python_143,1.0,1.0,0.0
1.7,argument_binding,5,simple_python_15,1.0,1.0,0.0
1.7,argument_binding,5,simple_python_158,0.0,0.0,0.0
1.7,argument_binding,5,simple_python_170,1.0,1.0,0.0
1.7,argument_binding,5,simple_python_207,1.0,1.0,0.0
1.7,argument_binding,5,simple_python_228,1.0,1.0,0.0
1.7,argument_binding,5,simple_python_237,1.0,1.0,0.0
1.7,argument_binding,5,simple_python_239,1.0,1.0,0.0
1.7,argument_binding,5,simple_python_275,1.0,1.0,0.0
1.7,argument_binding,5,simple_python_288,1.0,1.0,0.0
1.7,argument_binding,5,simple_python_366,1.0,1.0,0.0
1.7,argument_binding,5,simple_python_398,1.0,1.0,0.0
1.7,argument_binding,5,simple_python_44,1.0,1.0,0.0
1.7,argument_binding,5,simple_python_77,1.0,0.0,1.0
1.7,argument_binding,5,simple_python_86,1.0,0.0,1.0
1.7,argument_binding,5,simple_python_97,1.0,1.0,0.0
1.7,argument_binding,5,simple_python_98,1.0,1.0,0.0
1.7,argument_binding,6,simple_python_102,1.0,1.0,0.0
1.7,argument_binding,6,simple_python_112,1.0,0.0,1.0
1.7,argument_binding,6,simple_python_129,1.0,1.0,0.0
1.7,argument_binding,6,simple_python_143,1.0,1.0,0.0
1.7,argument_binding,6,simple_python_15,1.0,1.0,0.0
1.7,argument_binding,6,simple_python_158,0.0,1.0,-1.0
1.7,argument_binding,6,simple_python_170,1.0,1.0,0.0
1.7,argument_binding,6,simple_python_207,1.0,1.0,0.0
1.7,argument_binding,6,simple_python_228,1.0,1.0,0.0
1.7,argument_binding,6,simple_python_237,1.0,1.0,0.0
1.7,argument_binding,6,simple_python_239,1.0,1.0,0.0
1.7,argument_binding,6,simple_python_275,1.0,1.0,0.0
1.7,argument_binding,6,simple_python_288,1.0,1.0,0.0
1.7,argument_binding,6,simple_python_366,1.0,1.0,0.0
1.7,argument_binding,6,simple_python_398,1.0,1.0,0.0
1.7,argument_binding,6,simple_python_44,1.0,1.0,0.0
1.7,argument_binding,6,simple_python_77,1.0,1.0,0.0
1.7,argument_binding,6,simple_python_86,1.0,1.0,0.0
1.7,argument_binding,6,simple_python_97,1.0,1.0,0.0
1.7,argument_binding,6,simple_python_98,1.0,1.0,0.0
1.7,argument_binding,7,simple_python_102,1.0,0.0,1.0
1.7,argument_binding,7,simple_python_112,1.0,1.0,0.0
1.7,argument_binding,7,simple_python_129,1.0,1.0,0.0
1.7,argument_binding,7,simple_python_143,1.0,1.0,0.0
1.7,argument_binding,7,simple_python_15,1.0,1.0,0.0
1.7,argument_binding,7,simple_python_158,0.0,0.0,0.0
1.7,argument_binding,7,simple_python_170,1.0,1.0,0.0
1.7,argument_binding,7,simple_python_207,1.0,1.0,0.0
1.7,argument_binding,7,simple_python_228,1.0,1.0,0.0
1.7,argument_binding,7,simple_python_237,1.0,1.0,0.0
1.7,argument_binding,7,simple_python_239,1.0,1.0,0.0
1.7,argument_binding,7,simple_python_275,1.0,1.0,0.0
1.7,argument_binding,7,simple_python_288,1.0,1.0,0.0
1.7,argument_binding,7,simple_python_366,1.0,1.0,0.0
1.7,argument_binding,7,simple_python_398,1.0,1.0,0.0
1.7,argument_binding,7,simple_python_44,1.0,1.0,0.0
1.7,argument_binding,7,simple_python_77,1.0,0.0,1.0
1.7,argument_binding,7,simple_python_86,1.0,1.0,0.0
1.7,argument_binding,7,simple_python_97,1.0,1.0,0.0
1.7,argument_binding,7,simple_python_98,1.0,1.0,0.0
1.7,argument_binding,8,simple_python_102,1.0,1.0,0.0
1.7,argument_binding,8,simple_python_112,1.0,0.0,1.0
1.7,argument_binding,8,simple_python_129,1.0,0.0,1.0
1.7,argument_binding,8,simple_python_143,1.0,1.0,0.0
1.7,argument_binding,8,simple_python_15,1.0,1.0,0.0
1.7,argument_binding,8,simple_python_158,0.0,1.0,-1.0
1.7,argument_binding,8,simple_python_170,1.0,1.0,0.0
1.7,argument_binding,8,simple_python_207,1.0,1.0,0.0
1.7,argument_binding,8,simple_python_228,1.0,1.0,0.0
1.7,argument_binding,8,simple_python_237,1.0,1.0,0.0
1.7,argument_binding,8,simple_python_239,1.0,1.0,0.0
1.7,argument_binding,8,simple_python_275,1.0,1.0,0.0
1.7,argument_binding,8,simple_python_288,1.0,0.0,1.0
1.7,argument_binding,8,simple_python_366,1.0,1.0,0.0
1.7,argument_binding,8,simple_python_398,1.0,1.0,0.0
1.7,argument_binding,8,simple_python_44,1.0,1.0,0.0
1.7,argument_binding,8,simple_python_77,1.0,0.0,1.0
1.7,argument_binding,8,simple_python_86,1.0,1.0,0.0
1.7,argument_binding,8,simple_python_97,1.0,1.0,0.0
1.7,argument_binding,8,simple_python_98,1.0,1.0,0.0
1.7,argument_binding,9,simple_python_102,1.0,1.0,0.0
1.7,argument_binding,9,simple_python_112,1.0,0.0,1.0
1.7,argument_binding,9,simple_python_129,1.0,1.0,0.0
1.7,argument_binding,9,simple_python_143,1.0,1.0,0.0
1.7,argument_binding,9,simple_python_15,1.0,1.0,0.0
1.7,argument_binding,9,simple_python_158,0.0,1.0,-1.0
1.7,argument_binding,9,simple_python_170,1.0,1.0,0.0
1.7,argument_binding,9,simple_python_207,1.0,1.0,0.0
1.7,argument_binding,9,simple_python_228,1.0,1.0,0.0
1.7,argument_binding,9,simple_python_237,1.0,1.0,0.0
1.7,argument_binding,9,simple_python_239,1.0,1.0,0.0
1.7,argument_binding,9,simple_python_275,1.0,1.0,0.0
1.7,argument_binding,9,simple_python_288,1.0,1.0,0.0
1.7,argument_binding,9,simple_python_366,1.0,1.0,0.0
1.7,argument_binding,9,simple_python_398,1.0,1.0,0.0
1.7,argument_binding,9,simple_python_44,1.0,1.0,0.0
1.7,argument_binding,9,simple_python_77,1.0,1.0,0.0
1.7,argument_binding,9,simple_python_86,1.0,1.0,0.0
1.7,argument_binding,9,simple_python_97,1.0,1.0,0.0
1.7,argument_binding,9,simple_python_98,1.0,1.0,0.0
1.7,argument_binding,10,simple_python_102,1.0,0.0,1.0
1.7,argument_binding,10,simple_python_112,1.0,0.0,1.0
1.7,argument_binding,10,simple_python_129,1.0,0.0,1.0
1.7,argument_binding,10,simple_python_143,1.0,1.0,0.0
1.7,argument_binding,10,simple_python_15,1.0,1.0,0.0
1.7,argument_binding,10,simple_python_158,0.0,0.0,0.0
1.7,argument_binding,10,simple_python_170,1.0,1.0,0.0
1.7,argument_binding,10,simple_python_207,1.0,1.0,0.0
1.7,argument_binding,10,simple_python_228,1.0,0.0,1.0
1.7,argument_binding,10,simple_python_237,1.0,1.0,0.0
1.7,argument_binding,10,simple_python_239,1.0,1.0,0.0
1.7,argument_binding,10,simple_python_275,1.0,1.0,0.0
1.7,argument_binding,10,simple_python_288,1.0,1.0,0.0
1.7,argument_binding,10,simple_python_366,1.0,1.0,0.0
1.7,argument_binding,10,simple_python_398,1.0,1.0,0.0
1.7,argument_binding,10,simple_python_44,1.0,1.0,0.0
1.7,argument_binding,10,simple_python_77,1.0,0.0,1.0
1.7,argument_binding,10,simple_python_86,1.0,1.0,0.0
1.7,argument_binding,10,simple_python_97,1.0,1.0,0.0
1.7,argument_binding,10,simple_python_98,1.0,1.0,0.0
1.7,argument_binding,11,simple_python_102,1.0,0.0,1.0
1.7,argument_binding,11,simple_python_112,1.0,0.0,1.0
1.7,argument_binding,11,simple_python_129,1.0,0.0,1.0
1.7,argument_binding,11,simple_python_143,1.0,0.0,1.0
1.7,argument_binding,11,simple_python_15,1.0,0.0,1.0
1.7,argument_binding,11,simple_python_158,0.0,0.0,0.0
1.7,argument_binding,11,simple_python_170,1.0,0.0,1.0
1.7,argument_binding,11,simple_python_207,1.0,0.0,1.0
1.7,argument_binding,11,simple_python_228,1.0,0.0,1.0
1.7,argument_binding,11,simple_python_237,1.0,0.0,1.0
1.7,argument_binding,11,simple_python_239,1.0,0.0,1.0
1.7,argument_binding,11,simple_python_275,1.0,0.0,1.0
1.7,argument_binding,11,simple_python_288,1.0,0.0,1.0
1.7,argument_binding,11,simple_python_366,1.0,0.0,1.0
1.7,argument_binding,11,simple_python_398,1.0,0.0,1.0
1.7,argument_binding,11,simple_python_44,1.0,0.0,1.0
1.7,argument_binding,11,simple_python_77,1.0,0.0,1.0
1.7,argument_binding,11,simple_python_86,1.0,0.0,1.0
1.7,argument_binding,11,simple_python_97,1.0,0.0,1.0
1.7,argument_binding,11,simple_python_98,1.0,0.0,1.0
1.7,argument_binding,12,simple_python_102,1.0,0.0,1.0
1.7,argument_binding,12,simple_python_112,1.0,1.0,0.0
1.7,argument_binding,12,simple_python_129,1.0,0.0,1.0
1.7,argument_binding,12,simple_python_143,1.0,1.0,0.0
1.7,argument_binding,12,simple_python_15,1.0,0.0,1.0
1.7,argument_binding,12,simple_python_158,0.0,0.0,0.0
1.7,argument_binding,12,simple_python_170,1.0,1.0,0.0
1.7,argument_binding,12,simple_python_207,1.0,0.0,1.0
1.7,argument_binding,12,simple_python_228,1.0,1.0,0.0
1.7,argument_binding,12,simple_python_237,1.0,1.0,0.0
1.7,argument_binding,12,simple_python_239,1.0,1.0,0.0
1.7,argument_binding,12,simple_python_275,1.0,1.0,0.0
1.7,argument_binding,12,simple_python_288,1.0,1.0,0.0
1.7,argument_binding,12,simple_python_366,1.0,0.0,1.0
1.7,argument_binding,12,simple_python_398,1.0,0.0,1.0
1.7,argument_binding,12,simple_python_44,1.0,1.0,0.0
1.7,argument_binding,12,simple_python_77,1.0,1.0,0.0
1.7,argument_binding,12,simple_python_86,1.0,1.0,0.0
1.7,argument_binding,12,simple_python_97,1.0,0.0,1.0
1.7,argument_binding,12,simple_python_98,1.0,0.0,1.0
1.7,argument_binding,13,simple_python_102,1.0,1.0,0.0
1.7,argument_binding,13,simple_python_112,1.0,1.0,0.0
1.7,argument_binding,13,simple_python_129,1.0,1.0,0.0
1.7,argument_binding,13,simple_python_143,1.0,1.0,0.0
1.7,argument_binding,13,simple_python_15,1.0,1.0,0.0
1.7,argument_binding,13,simple_python_158,0.0,0.0,0.0
1.7,argument_binding,13,simple_python_170,1.0,1.0,0.0
1.7,argument_binding,13,simple_python_207,1.0,1.0,0.0
1.7,argument_binding,13,simple_python_228,1.0,1.0,0.0
1.7,argument_binding,13,simple_python_237,1.0,1.0,0.0
1.7,argument_binding,13,simple_python_239,1.0,1.0,0.0
1.7,argument_binding,13,simple_python_275,1.0,1.0,0.0
1.7,argument_binding,13,simple_python_288,1.0,1.0,0.0
1.7,argument_binding,13,simple_python_366,1.0,1.0,0.0
1.7,argument_binding,13,simple_python_398,1.0,1.0,0.0
1.7,argument_binding,13,simple_python_44,1.0,1.0,0.0
1.7,argument_binding,13,simple_python_77,1.0,1.0,0.0
1.7,argument_binding,13,simple_python_86,1.0,1.0,0.0
1.7,argument_binding,13,simple_python_97,1.0,1.0,0.0
1.7,argument_binding,13,simple_python_98,1.0,1.0,0.0
1.7,argument_binding,14,simple_python_102,1.0,0.0,1.0
1.7,argument_binding,14,simple_python_112,1.0,0.0,1.0
1.7,argument_binding,14,simple_python_129,1.0,1.0,0.0
1.7,argument_binding,14,simple_python_143,1.0,1.0,0.0
1.7,argument_binding,14,simple_python_15,1.0,0.0,1.0
1.7,argument_binding,14,simple_python_158,0.0,0.0,0.0
1.7,argument_binding,14,simple_python_170,1.0,1.0,0.0
1.7,argument_binding,14,simple_python_207,1.0,0.0,1.0
1.7,argument_binding,14,simple_python_228,1.0,1.0,0.0
1.7,argument_binding,14,simple_python_237,1.0,1.0,0.0
1.7,argument_binding,14,simple_python_239,1.0,0.0,1.0
1.7,argument_binding,14,simple_python_275,1.0,1.0,0.0
1.7,argument_binding,14,simple_python_288,1.0,1.0,0.0
1.7,argument_binding,14,simple_python_366,1.0,1.0,0.0
1.7,argument_binding,14,simple_python_398,1.0,0.0,1.0
1.7,argument_binding,14,simple_python_44,1.0,1.0,0.0
1.7,argument_binding,14,simple_python_77,1.0,0.0,1.0
1.7,argument_binding,14,simple_python_86,1.0,1.0,0.0
1.7,argument_binding,14,simple_python_97,1.0,1.0,0.0
1.7,argument_binding,14,simple_python_98,1.0,1.0,0.0
1.7,argument_binding,15,simple_python_102,1.0,0.0,1.0
1.7,argument_binding,15,simple_python_112,1.0,0.0,1.0
1.7,argument_binding,15,simple_python_129,1.0,1.0,0.0
1.7,argument_binding,15,simple_python_143,1.0,1.0,0.0
1.7,argument_binding,15,simple_python_15,1.0,1.0,0.0
1.7,argument_binding,15,simple_python_158,0.0,0.0,0.0
1.7,argument_binding,15,simple_python_170,1.0,1.0,0.0
1.7,argument_binding,15,simple_python_207,1.0,1.0,0.0
1.7,argument_binding,15,simple_python_228,1.0,1.0,0.0
1.7,argument_binding,15,simple_python_237,1.0,1.0,0.0
1.7,argument_binding,15,simple_python_239,1.0,1.0,0.0
1.7,argument_binding,15,simple_python_275,1.0,1.0,0.0
1.7,argument_binding,15,simple_python_288,1.0,1.0,0.0
1.7,argument_binding,15,simple_python_366,1.0,1.0,0.0
1.7,argument_binding,15,simple_python_398,1.0,1.0,0.0
1.7,argument_binding,15,simple_python_44,1.0,1.0,0.0
1.7,argument_binding,15,simple_python_77,1.0,1.0,0.0
1.7,argument_binding,15,simple_python_86,1.0,1.0,0.0
1.7,argument_binding,15,simple_python_97,1.0,1.0,0.0
1.7,argument_binding,15,simple_python_98,1.0,1.0,0.0
1.7,argument_binding,16,simple_python_102,1.0,1.0,0.0
1.7,argument_binding,16,simple_python_112,1.0,1.0,0.0
1.7,argument_binding,16,simple_python_129,1.0,1.0,0.0
1.7,argument_binding,16,simple_python_143,1.0,1.0,0.0
1.7,argument_binding,16,simple_python_15,1.0,1.0,0.0
1.7,argument_binding,16,simple_python_158,0.0,0.0,0.0
1.7,argument_binding,16,simple_python_170,1.0,1.0,0.0
1.7,argument_binding,16,simple_python_207,1.0,1.0,0.0
1.7,argument_binding,16,simple_python_228,1.0,1.0,0.0
1.7,argument_binding,16,simple_python_237,1.0,1.0,0.0
1.7,argument_binding,16,simple_python_239,1.0,1.0,0.0
1.7,argument_binding,16,simple_python_275,1.0,1.0,0.0
1.7,argument_binding,16,simple_python_288,1.0,1.0,0.0
1.7,argument_binding,16,simple_python_366,1.0,1.0,0.0
1.7,argument_binding,16,simple_python_398,1.0,1.0,0.0
1.7,argument_binding,16,simple_python_44,1.0,1.0,0.0
1.7,argument_binding,16,simple_python_77,1.0,1.0,0.0
1.7,argument_binding,16,simple_python_86,1.0,1.0,0.0
1.7,argument_binding,16,simple_python_97,1.0,1.0,0.0
1.7,argument_binding,16,simple_python_98,1.0,1.0,0.0
1.7,argument_binding,17,simple_python_102,1.0,1.0,0.0
1.7,argument_binding,17,simple_python_112,1.0,0.0,1.0
1.7,argument_binding,17,simple_python_129,1.0,1.0,0.0
1.7,argument_binding,17,simple_python_143,1.0,1.0,0.0
1.7,argument_binding,17,simple_python_15,1.0,0.0,1.0
1.7,argument_binding,17,simple_python_158,0.0,0.0,0.0
1.7,argument_binding,17,simple_python_170,1.0,1.0,0.0
1.7,argument_binding,17,simple_python_207,1.0,1.0,0.0
1.7,argument_binding,17,simple_python_228,1.0,1.0,0.0
1.7,argument_binding,17,simple_python_237,1.0,1.0,0.0
1.7,argument_binding,17,simple_python_239,1.0,1.0,0.0
1.7,argument_binding,17,simple_python_275,1.0,0.0,1.0
1.7,argument_binding,17,simple_python_288,1.0,1.0,0.0
1.7,argument_binding,17,simple_python_366,1.0,1.0,0.0
1.7,argument_binding,17,simple_python_398,1.0,1.0,0.0
1.7,argument_binding,17,simple_python_44,1.0,1.0,0.0
1.7,argument_binding,17,simple_python_77,1.0,0.0,1.0
1.7,argument_binding,17,simple_python_86,1.0,0.0,1.0
1.7,argument_binding,17,simple_python_97,1.0,1.0,0.0
1.7,argument_binding,17,simple_python_98,1.0,1.0,0.0
1.7,argument_binding,18,simple_python_102,1.0,1.0,0.0
1.7,argument_binding,18,simple_python_112,1.0,0.0,1.0
1.7,argument_binding,18,simple_python_129,1.0,0.0,1.0
1.7,argument_binding,18,simple_python_143,1.0,1.0,0.0
1.7,argument_binding,18,simple_python_15,1.0,1.0,0.0
1.7,argument_binding,18,simple_python_158,0.0,0.0,0.0
1.7,argument_binding,18,simple_python_170,1.0,1.0,0.0
1.7,argument_binding,18,simple_python_207,1.0,1.0,0.0
1.7,argument_binding,18,simple_python_228,1.0,1.0,0.0
1.7,argument_binding,18,simple_python_237,1.0,1.0,0.0
1.7,argument_binding,18,simple_python_239,1.0,1.0,0.0
1.7,argument_binding,18,simple_python_275,1.0,1.0,0.0
1.7,argument_binding,18,simple_python_288,1.0,1.0,0.0
1.7,argument_binding,18,simple_python_366,1.0,1.0,0.0
1.7,argument_binding,18,simple_python_398,1.0,1.0,0.0
1.7,argument_binding,18,simple_python_44,1.0,1.0,0.0
1.7,argument_binding,18,simple_python_77,1.0,1.0,0.0
1.7,argument_binding,18,simple_python_86,1.0,1.0,0.0
1.7,argument_binding,18,simple_python_97,1.0,1.0,0.0
1.7,argument_binding,18,simple_python_98,1.0,1.0,0.0
1.7,argument_binding,19,simple_python_102,1.0,1.0,0.0
1.7,argument_binding,19,simple_python_112,1.0,0.0,1.0
1.7,argument_binding,19,simple_python_129,1.0,0.0,1.0
1.7,argument_binding,19,simple_python_143,1.0,0.0,1.0
1.7,argument_binding,19,simple_python_15,1.0,1.0,0.0
1.7,argument_binding,19,simple_python_158,0.0,1.0,-1.0
1.7,argument_binding,19,simple_python_170,1.0,1.0,0.0
1.7,argument_binding,19,simple_python_207,1.0,1.0,0.0
1.7,argument_binding,19,simple_python_228,1.0,1.0,0.0
1.7,argument_binding,19,simple_python_237,1.0,1.0,0.0
1.7,argument_binding,19,simple_python_239,1.0,1.0,0.0
1.7,argument_binding,19,simple_python_275,1.0,0.0,1.0
1.7,argument_binding,19,simple_python_288,1.0,0.0,1.0
1.7,argument_binding,19,simple_python_366,1.0,1.0,0.0
1.7,argument_binding,19,simple_python_398,1.0,1.0,0.0
1.7,argument_binding,19,simple_python_44,1.0,0.0,1.0
1.7,argument_binding,19,simple_python_77,1.0,0.0,1.0
1.7,argument_binding,19,simple_python_86,1.0,1.0,0.0
1.7,argument_binding,19,simple_python_97,1.0,0.0,1.0
1.7,argument_binding,19,simple_python_98,1.0,1.0,0.0
1.7,argument_binding,20,simple_python_102,1.0,0.0,1.0
1.7,argument_binding,20,simple_python_112,1.0,0.0,1.0
1.7,argument_binding,20,simple_python_129,1.0,0.0,1.0
1.7,argument_binding,20,simple_python_143,1.0,1.0,0.0
1.7,argument_binding,20,simple_python_15,1.0,1.0,0.0
1.7,argument_binding,20,simple_python_158,0.0,0.0,0.0
1.7,argument_binding,20,simple_python_170,1.0,0.0,1.0
1.7,argument_binding,20,simple_python_207,1.0,1.0,0.0
1.7,argument_binding,20,simple_python_228,1.0,1.0,0.0
1.7,argument_binding,20,simple_python_237,1.0,0.0,1.0
1.7,argument_binding,20,simple_python_239,1.0,0.0,1.0
1.7,argument_binding,20,simple_python_275,1.0,1.0,0.0
1.7,argument_binding,20,simple_python_288,1.0,1.0,0.0
1.7,argument_binding,20,simple_python_366,1.0,1.0,0.0
1.7,argument_binding,20,simple_python_398,1.0,1.0,0.0
1.7,argument_binding,20,simple_python_44,1.0,1.0,0.0
1.7,argument_binding,20,simple_python_77,1.0,0.0,1.0
1.7,argument_binding,20,simple_python_86,1.0,1.0,0.0
1.7,argument_binding,20,simple_python_97,1.0,0.0,1.0
1.7,argument_binding,20,simple_python_98,1.0,1.0,0.0
1.7,argument_binding,21,simple_python_102,1.0,0.0,1.0
1.7,argument_binding,21,simple_python_112,1.0,0.0,1.0
1.7,argument_binding,21,simple_python_129,1.0,1.0,0.0
1.7,argument_binding,21,simple_python_143,1.0,0.0,1.0
1.7,argument_binding,21,simple_python_15,1.0,0.0,1.0
1.7,argument_binding,21,simple_python_158,0.0,0.0,0.0
1.7,argument_binding,21,simple_python_170,1.0,1.0,0.0
1.7,argument_binding,21,simple_python_207,1.0,0.0,1.0
1.7,argument_binding,21,simple_python_228,1.0,1.0,0.0
1.7,argument_binding,21,simple_python_237,1.0,1.0,0.0
1.7,argument_binding,21,simple_python_239,1.0,1.0,0.0
1.7,argument_binding,21,simple_python_275,1.0,0.0,1.0
1.7,argument_binding,21,simple_python_288,1.0,1.0,0.0
1.7,argument_binding,21,simple_python_366,1.0,1.0,0.0
1.7,argument_binding,21,simple_python_398,1.0,1.0,0.0
1.7,argument_binding,21,simple_python_44,1.0,1.0,0.0
1.7,argument_binding,21,simple_python_77,1.0,0.0,1.0
1.7,argument_binding,21,simple_python_86,1.0,0.0,1.0
1.7,argument_binding,21,simple_python_97,1.0,1.0,0.0
1.7,argument_binding,21,simple_python_98,1.0,0.0,1.0
1.7,argument_binding,22,simple_python_102,1.0,1.0,0.0
1.7,argument_binding,22,simple_python_112,1.0,0.0,1.0
1.7,argument_binding,22,simple_python_129,1.0,0.0,1.0
1.7,argument_binding,22,simple_python_143,1.0,0.0,1.0
1.7,argument_binding,22,simple_python_15,1.0,0.0,1.0
1.7,argument_binding,22,simple_python_158,0.0,0.0,0.0
1.7,argument_binding,22,simple_python_170,1.0,0.0,1.0
1.7,argument_binding,22,simple_python_207,1.0,1.0,0.0
1.7,argument_binding,22,simple_python_228,1.0,0.0,1.0
1.7,argument_binding,22,simple_python_237,1.0,0.0,1.0
1.7,argument_binding,22,simple_python_239,1.0,1.0,0.0
1.7,argument_binding,22,simple_python_275,1.0,1.0,0.0
1.7,argument_binding,22,simple_python_288,1.0,0.0,1.0
1.7,argument_binding,22,simple_python_366,1.0,0.0,1.0
1.7,argument_binding,22,simple_python_398,1.0,1.0,0.0
1.7,argument_binding,22,simple_python_44,1.0,0.0,1.0
1.7,argument_binding,22,simple_python_77,1.0,1.0,0.0
1.7,argument_binding,22,simple_python_86,1.0,1.0,0.0
1.7,argument_binding,22,simple_python_97,1.0,0.0,1.0
1.7,argument_binding,22,simple_python_98,1.0,0.0,1.0
1.7,argument_binding,23,simple_python_102,1.0,1.0,0.0
1.7,argument_binding,23,simple_python_112,1.0,0.0,1.0
1.7,argument_binding,23,simple_python_129,1.0,1.0,0.0
1.7,argument_binding,23,simple_python_143,1.0,1.0,0.0
1.7,argument_binding,23,simple_python_15,1.0,1.0,0.0
1.7,argument_binding,23,simple_python_158,0.0,0.0,0.0
1.7,argument_binding,23,simple_python_170,1.0,1.0,0.0
1.7,argument_binding,23,simple_python_207,1.0,1.0,0.0
1.7,argument_binding,23,simple_python_228,1.0,1.0,0.0
1.7,argument_binding,23,simple_python_237,1.0,1.0,0.0
1.7,argument_binding,23,simple_python_239,1.0,1.0,0.0
1.7,argument_binding,23,simple_python_275,1.0,1.0,0.0
1.7,argument_binding,23,simple_python_288,1.0,1.0,0.0
1.7,argument_binding,23,simple_python_366,1.0,1.0,0.0
1.7,argument_binding,23,simple_python_398,1.0,1.0,0.0
1.7,argument_binding,23,simple_python_44,1.0,1.0,0.0
1.7,argument_binding,23,simple_python_77,1.0,1.0,0.0
1.7,argument_binding,23,simple_python_86,1.0,1.0,0.0
1.7,argument_binding,23,simple_python_97,1.0,1.0,0.0
1.7,argument_binding,23,simple_python_98,1.0,1.0,0.0
1.7,argument_binding,24,simple_python_102,1.0,0.0,1.0
1.7,argument_binding,24,simple_python_112,1.0,0.0,1.0
1.7,argument_binding,24,simple_python_129,1.0,0.0,1.0
1.7,argument_binding,24,simple_python_143,1.0,0.0,1.0
1.7,argument_binding,24,simple_python_15,1.0,0.0,1.0
1.7,argument_binding,24,simple_python_158,0.0,0.0,0.0
1.7,argument_binding,24,simple_python_170,1.0,0.0,1.0
1.7,argument_binding,24,simple_python_207,1.0,0.0,1.0
1.7,argument_binding,24,simple_python_228,1.0,0.0,1.0
1.7,argument_binding,24,simple_python_237,1.0,0.0,1.0
1.7,argument_binding,24,simple_python_239,1.0,0.0,1.0
1.7,argument_binding,24,simple_python_275,1.0,0.0,1.0
1.7,argument_binding,24,simple_python_288,1.0,0.0,1.0
1.7,argument_binding,24,simple_python_366,1.0,0.0,1.0
1.7,argument_binding,24,simple_python_398,1.0,0.0,1.0
1.7,argument_binding,24,simple_python_44,1.0,1.0,0.0
1.7,argument_binding,24,simple_python_77,1.0,0.0,1.0
1.7,argument_binding,24,simple_python_86,1.0,0.0,1.0
1.7,argument_binding,24,simple_python_97,1.0,0.0,1.0
1.7,argument_binding,24,simple_python_98,1.0,0.0,1.0
1.7,argument_binding,25,simple_python_102,1.0,1.0,0.0
1.7,argument_binding,25,simple_python_112,1.0,0.0,1.0
1.7,argument_binding,25,simple_python_129,1.0,1.0,0.0
1.7,argument_binding,25,simple_python_143,1.0,1.0,0.0
1.7,argument_binding,25,simple_python_15,1.0,1.0,0.0
1.7,argument_binding,25,simple_python_158,0.0,0.0,0.0
1.7,argument_binding,25,simple_python_170,1.0,1.0,0.0
1.7,argument_binding,25,simple_python_207,1.0,1.0,0.0
1.7,argument_binding,25,simple_python_228,1.0,1.0,0.0
1.7,argument_binding,25,simple_python_237,1.0,1.0,0.0
1.7,argument_binding,25,simple_python_239,1.0,1.0,0.0
1.7,argument_binding,25,simple_python_275,1.0,1.0,0.0
1.7,argument_binding,25,simple_python_288,1.0,1.0,0.0
1.7,argument_binding,25,simple_python_366,1.0,1.0,0.0
1.7,argument_binding,25,simple_python_398,1.0,1.0,0.0
1.7,argument_binding,25,simple_python_44,1.0,1.0,0.0
1.7,argument_binding,25,simple_python_77,1.0,1.0,0.0
1.7,argument_binding,25,simple_python_86,1.0,1.0,0.0
1.7,argument_binding,25,simple_python_97,1.0,1.0,0.0
1.7,argument_binding,25,simple_python_98,1.0,1.0,0.0
1.7,argument_binding,26,simple_python_102,1.0,1.0,0.0
1.7,argument_binding,26,simple_python_112,1.0,1.0,0.0
1.7,argument_binding,26,simple_python_129,1.0,1.0,0.0
1.7,argument_binding,26,simple_python_143,1.0,1.0,0.0
1.7,argument_binding,26,simple_python_15,1.0,1.0,0.0
1.7,argument_binding,26,simple_python_158,0.0,0.0,0.0
1.7,argument_binding,26,simple_python_170,1.0,1.0,0.0
1.7,argument_binding,26,simple_python_207,1.0,1.0,0.0
1.7,argument_binding,26,simple_python_228,1.0,1.0,0.0
1.7,argument_binding,26,simple_python_237,1.0,1.0,0.0
1.7,argument_binding,26,simple_python_239,1.0,1.0,0.0
1.7,argument_binding,26,simple_python_275,1.0,1.0,0.0
1.7,argument_binding,26,simple_python_288,1.0,1.0,0.0
1.7,argument_binding,26,simple_python_366,1.0,1.0,0.0
1.7,argument_binding,26,simple_python_398,1.0,1.0,0.0
1.7,argument_binding,26,simple_python_44,1.0,1.0,0.0
1.7,argument_binding,26,simple_python_77,1.0,0.0,1.0
1.7,argument_binding,26,simple_python_86,1.0,1.0,0.0
1.7,argument_binding,26,simple_python_97,1.0,1.0,0.0
1.7,argument_binding,26,simple_python_98,1.0,1.0,0.0
1.7,argument_binding,27,simple_python_102,1.0,0.0,1.0
1.7,argument_binding,27,simple_python_112,1.0,0.0,1.0
1.7,argument_binding,27,simple_python_129,1.0,0.0,1.0
1.7,argument_binding,27,simple_python_143,1.0,0.0,1.0
1.7,argument_binding,27,simple_python_15,1.0,1.0,0.0
1.7,argument_binding,27,simple_python_158,0.0,0.0,0.0
1.7,argument_binding,27,simple_python_170,1.0,0.0,1.0
1.7,argument_binding,27,simple_python_207,1.0,1.0,0.0
1.7,argument_binding,27,simple_python_228,1.0,0.0,1.0
1.7,argument_binding,27,simple_python_237,1.0,1.0,0.0
1.7,argument_binding,27,simple_python_239,1.0,0.0,1.0
1.7,argument_binding,27,simple_python_275,1.0,0.0,1.0
1.7,argument_binding,27,simple_python_288,1.0,0.0,1.0
1.7,argument_binding,27,simple_python_366,1.0,0.0,1.0
1.7,argument_binding,27,simple_python_398,1.0,0.0,1.0
1.7,argument_binding,27,simple_python_44,1.0,0.0,1.0
1.7,argument_binding,27,simple_python_77,1.0,0.0,1.0
1.7,argument_binding,27,simple_python_86,1.0,0.0,1.0
1.7,argument_binding,27,simple_python_97,1.0,0.0,1.0
1.7,argument_binding,27,simple_python_98,1.0,0.0,1.0
1.7,full_call,0,simple_python_102,1.0,0.0,1.0
1.7,full_call,0,simple_python_112,1.0,0.0,1.0
1.7,full_call,0,simple_python_129,1.0,0.0,1.0
1.7,full_call,0,simple_python_143,1.0,0.0,1.0
1.7,full_call,0,simple_python_15,1.0,0.0,1.0
1.7,full_call,0,simple_python_158,0.0,0.0,0.0
1.7,full_call,0,simple_python_170,1.0,0.0,1.0
1.7,full_call,0,simple_python_207,1.0,0.0,1.0
1.7,full_call,0,simple_python_228,1.0,0.0,1.0
1.7,full_call,0,simple_python_237,1.0,0.0,1.0
1.7,full_call,0,simple_python_239,1.0,0.0,1.0
1.7,full_call,0,simple_python_275,1.0,0.0,1.0
1.7,full_call,0,simple_python_288,1.0,0.0,1.0
1.7,full_call,0,simple_python_366,1.0,0.0,1.0
1.7,full_call,0,simple_python_398,1.0,0.0,1.0
1.7,full_call,0,simple_python_44,1.0,0.0,1.0
1.7,full_call,0,simple_python_77,1.0,0.0,1.0
1.7,full_call,0,simple_python_86,1.0,0.0,1.0
1.7,full_call,0,simple_python_97,1.0,0.0,1.0
1.7,full_call,0,simple_python_98,1.0,0.0,1.0
1.7,full_call,1,simple_python_102,1.0,0.0,1.0
1.7,full_call,1,simple_python_112,1.0,0.0,1.0
1.7,full_call,1,simple_python_129,1.0,1.0,0.0
1.7,full_call,1,simple_python_143,1.0,0.0,1.0
1.7,full_call,1,simple_python_15,1.0,1.0,0.0
1.7,full_call,1,simple_python_158,0.0,0.0,0.0
1.7,full_call,1,simple_python_170,1.0,1.0,0.0
1.7,full_call,1,simple_python_207,1.0,0.0,1.0
1.7,full_call,1,simple_python_228,1.0,1.0,0.0
1.7,full_call,1,simple_python_237,1.0,1.0,0.0
1.7,full_call,1,simple_python_239,1.0,1.0,0.0
1.7,full_call,1,simple_python_275,1.0,1.0,0.0
1.7,full_call,1,simple_python_288,1.0,0.0,1.0
1.7,full_call,1,simple_python_366,1.0,0.0,1.0
1.7,full_call,1,simple_python_398,1.0,1.0,0.0
1.7,full_call,1,simple_python_44,1.0,1.0,0.0
1.7,full_call,1,simple_python_77,1.0,1.0,0.0
1.7,full_call,1,simple_python_86,1.0,1.0,0.0
1.7,full_call,1,simple_python_97,1.0,1.0,0.0
1.7,full_call,1,simple_python_98,1.0,1.0,0.0
1.7,full_call,2,simple_python_102,1.0,0.0,1.0
1.7,full_call,2,simple_python_112,1.0,0.0,1.0
1.7,full_call,2,simple_python_129,1.0,0.0,1.0
1.7,full_call,2,simple_python_143,1.0,0.0,1.0
1.7,full_call,2,simple_python_15,1.0,0.0,1.0
1.7,full_call,2,simple_python_158,0.0,0.0,0.0
1.7,full_call,2,simple_python_170,1.0,0.0,1.0
1.7,full_call,2,simple_python_207,1.0,0.0,1.0
1.7,full_call,2,simple_python_228,1.0,0.0,1.0
1.7,full_call,2,simple_python_237,1.0,0.0,1.0
1.7,full_call,2,simple_python_239,1.0,0.0,1.0
1.7,full_call,2,simple_python_275,1.0,0.0,1.0
1.7,full_call,2,simple_python_288,1.0,0.0,1.0
1.7,full_call,2,simple_python_366,1.0,0.0,1.0
1.7,full_call,2,simple_python_398,1.0,0.0,1.0
1.7,full_call,2,simple_python_44,1.0,0.0,1.0
1.7,full_call,2,simple_python_77,1.0,0.0,1.0
1.7,full_call,2,simple_python_86,1.0,0.0,1.0
1.7,full_call,2,simple_python_97,1.0,0.0,1.0
1.7,full_call,2,simple_python_98,1.0,0.0,1.0
1.7,full_call,3,simple_python_102,1.0,1.0,0.0
1.7,full_call,3,simple_python_112,1.0,0.0,1.0
1.7,full_call,3,simple_python_129,1.0,1.0,0.0
1.7,full_call,3,simple_python_143,1.0,1.0,0.0
1.7,full_call,3,simple_python_15,1.0,1.0,0.0
1.7,full_call,3,simple_python_158,0.0,0.0,0.0
1.7,full_call,3,simple_python_170,1.0,1.0,0.0
1.7,full_call,3,simple_python_207,1.0,1.0,0.0
1.7,full_call,3,simple_python_228,1.0,1.0,0.0
1.7,full_call,3,simple_python_237,1.0,1.0,0.0
1.7,full_call,3,simple_python_239,1.0,1.0,0.0
1.7,full_call,3,simple_python_275,1.0,1.0,0.0
1.7,full_call,3,simple_python_288,1.0,0.0,1.0
1.7,full_call,3,simple_python_366,1.0,1.0,0.0
1.7,full_call,3,simple_python_398,1.0,1.0,0.0
1.7,full_call,3,simple_python_44,1.0,1.0,0.0
1.7,full_call,3,simple_python_77,1.0,0.0,1.0
1.7,full_call,3,simple_python_86,1.0,1.0,0.0
1.7,full_call,3,simple_python_97,1.0,1.0,0.0
1.7,full_call,3,simple_python_98,1.0,1.0,0.0
1.7,full_call,4,simple_python_102,1.0,1.0,0.0
1.7,full_call,4,simple_python_112,1.0,0.0,1.0
1.7,full_call,4,simple_python_129,1.0,1.0,0.0
1.7,full_call,4,simple_python_143,1.0,1.0,0.0
1.7,full_call,4,simple_python_15,1.0,1.0,0.0
1.7,full_call,4,simple_python_158,0.0,0.0,0.0
1.7,full_call,4,simple_python_170,1.0,1.0,0.0
1.7,full_call,4,simple_python_207,1.0,1.0,0.0
1.7,full_call,4,simple_python_228,1.0,1.0,0.0
1.7,full_call,4,simple_python_237,1.0,1.0,0.0
1.7,full_call,4,simple_python_239,1.0,1.0,0.0
1.7,full_call,4,simple_python_275,1.0,1.0,0.0
1.7,full_call,4,simple_python_288,1.0,1.0,0.0
1.7,full_call,4,simple_python_366,1.0,1.0,0.0
1.7,full_call,4,simple_python_398,1.0,1.0,0.0
1.7,full_call,4,simple_python_44,1.0,1.0,0.0
1.7,full_call,4,simple_python_77,1.0,0.0,1.0
1.7,full_call,4,simple_python_86,1.0,1.0,0.0
1.7,full_call,4,simple_python_97,1.0,1.0,0.0
1.7,full_call,4,simple_python_98,1.0,1.0,0.0
1.7,full_call,5,simple_python_102,1.0,1.0,0.0
1.7,full_call,5,simple_python_112,1.0,0.0,1.0
1.7,full_call,5,simple_python_129,1.0,1.0,0.0
1.7,full_call,5,simple_python_143,1.0,1.0,0.0
1.7,full_call,5,simple_python_15,1.0,1.0,0.0
1.7,full_call,5,simple_python_158,0.0,0.0,0.0
1.7,full_call,5,simple_python_170,1.0,1.0,0.0
1.7,full_call,5,simple_python_207,1.0,1.0,0.0
1.7,full_call,5,simple_python_228,1.0,1.0,0.0
1.7,full_call,5,simple_python_237,1.0,1.0,0.0
1.7,full_call,5,simple_python_239,1.0,1.0,0.0
1.7,full_call,5,simple_python_275,1.0,1.0,0.0
1.7,full_call,5,simple_python_288,1.0,1.0,0.0
1.7,full_call,5,simple_python_366,1.0,1.0,0.0
1.7,full_call,5,simple_python_398,1.0,1.0,0.0
1.7,full_call,5,simple_python_44,1.0,1.0,0.0
1.7,full_call,5,simple_python_77,1.0,0.0,1.0
1.7,full_call,5,simple_python_86,1.0,0.0,1.0
1.7,full_call,5,simple_python_97,1.0,1.0,0.0
1.7,full_call,5,simple_python_98,1.0,1.0,0.0
1.7,full_call,6,simple_python_102,1.0,1.0,0.0
1.7,full_call,6,simple_python_112,1.0,0.0,1.0
1.7,full_call,6,simple_python_129,1.0,1.0,0.0
1.7,full_call,6,simple_python_143,1.0,1.0,0.0
1.7,full_call,6,simple_python_15,1.0,1.0,0.0
1.7,full_call,6,simple_python_158,0.0,1.0,-1.0
1.7,full_call,6,simple_python_170,1.0,1.0,0.0
1.7,full_call,6,simple_python_207,1.0,1.0,0.0
1.7,full_call,6,simple_python_228,1.0,1.0,0.0
1.7,full_call,6,simple_python_237,1.0,1.0,0.0
1.7,full_call,6,simple_python_239,1.0,1.0,0.0
1.7,full_call,6,simple_python_275,1.0,1.0,0.0
1.7,full_call,6,simple_python_288,1.0,1.0,0.0
1.7,full_call,6,simple_python_366,1.0,1.0,0.0
1.7,full_call,6,simple_python_398,1.0,1.0,0.0
1.7,full_call,6,simple_python_44,1.0,1.0,0.0
1.7,full_call,6,simple_python_77,1.0,1.0,0.0
1.7,full_call,6,simple_python_86,1.0,1.0,0.0
1.7,full_call,6,simple_python_97,1.0,1.0,0.0
1.7,full_call,6,simple_python_98,1.0,1.0,0.0
1.7,full_call,7,simple_python_102,1.0,0.0,1.0
1.7,full_call,7,simple_python_112,1.0,1.0,0.0
1.7,full_call,7,simple_python_129,1.0,1.0,0.0
1.7,full_call,7,simple_python_143,1.0,1.0,0.0
1.7,full_call,7,simple_python_15,1.0,1.0,0.0
1.7,full_call,7,simple_python_158,0.0,0.0,0.0
1.7,full_call,7,simple_python_170,1.0,1.0,0.0
1.7,full_call,7,simple_python_207,1.0,1.0,0.0
1.7,full_call,7,simple_python_228,1.0,1.0,0.0
1.7,full_call,7,simple_python_237,1.0,1.0,0.0
1.7,full_call,7,simple_python_239,1.0,1.0,0.0
1.7,full_call,7,simple_python_275,1.0,1.0,0.0
1.7,full_call,7,simple_python_288,1.0,1.0,0.0
1.7,full_call,7,simple_python_366,1.0,1.0,0.0
1.7,full_call,7,simple_python_398,1.0,1.0,0.0
1.7,full_call,7,simple_python_44,1.0,1.0,0.0
1.7,full_call,7,simple_python_77,1.0,0.0,1.0
1.7,full_call,7,simple_python_86,1.0,1.0,0.0
1.7,full_call,7,simple_python_97,1.0,1.0,0.0
1.7,full_call,7,simple_python_98,1.0,1.0,0.0
1.7,full_call,8,simple_python_102,1.0,1.0,0.0
1.7,full_call,8,simple_python_112,1.0,0.0,1.0
1.7,full_call,8,simple_python_129,1.0,0.0,1.0
1.7,full_call,8,simple_python_143,1.0,1.0,0.0
1.7,full_call,8,simple_python_15,1.0,1.0,0.0
1.7,full_call,8,simple_python_158,0.0,1.0,-1.0
1.7,full_call,8,simple_python_170,1.0,1.0,0.0
1.7,full_call,8,simple_python_207,1.0,1.0,0.0
1.7,full_call,8,simple_python_228,1.0,1.0,0.0
1.7,full_call,8,simple_python_237,1.0,1.0,0.0
1.7,full_call,8,simple_python_239,1.0,1.0,0.0
1.7,full_call,8,simple_python_275,1.0,1.0,0.0
1.7,full_call,8,simple_python_288,1.0,0.0,1.0
1.7,full_call,8,simple_python_366,1.0,1.0,0.0
1.7,full_call,8,simple_python_398,1.0,1.0,0.0
1.7,full_call,8,simple_python_44,1.0,1.0,0.0
1.7,full_call,8,simple_python_77,1.0,0.0,1.0
1.7,full_call,8,simple_python_86,1.0,1.0,0.0
1.7,full_call,8,simple_python_97,1.0,1.0,0.0
1.7,full_call,8,simple_python_98,1.0,1.0,0.0
1.7,full_call,9,simple_python_102,1.0,1.0,0.0
1.7,full_call,9,simple_python_112,1.0,0.0,1.0
1.7,full_call,9,simple_python_129,1.0,1.0,0.0
1.7,full_call,9,simple_python_143,1.0,1.0,0.0
1.7,full_call,9,simple_python_15,1.0,1.0,0.0
1.7,full_call,9,simple_python_158,0.0,1.0,-1.0
1.7,full_call,9,simple_python_170,1.0,1.0,0.0
1.7,full_call,9,simple_python_207,1.0,1.0,0.0
1.7,full_call,9,simple_python_228,1.0,1.0,0.0
1.7,full_call,9,simple_python_237,1.0,1.0,0.0
1.7,full_call,9,simple_python_239,1.0,1.0,0.0
1.7,full_call,9,simple_python_275,1.0,1.0,0.0
1.7,full_call,9,simple_python_288,1.0,1.0,0.0
1.7,full_call,9,simple_python_366,1.0,1.0,0.0
1.7,full_call,9,simple_python_398,1.0,1.0,0.0
1.7,full_call,9,simple_python_44,1.0,1.0,0.0
1.7,full_call,9,simple_python_77,1.0,1.0,0.0
1.7,full_call,9,simple_python_86,1.0,1.0,0.0
1.7,full_call,9,simple_python_97,1.0,1.0,0.0
1.7,full_call,9,simple_python_98,1.0,1.0,0.0
1.7,full_call,10,simple_python_102,1.0,0.0,1.0
1.7,full_call,10,simple_python_112,1.0,0.0,1.0
1.7,full_call,10,simple_python_129,1.0,0.0,1.0
1.7,full_call,10,simple_python_143,1.0,1.0,0.0
1.7,full_call,10,simple_python_15,1.0,1.0,0.0
1.7,full_call,10,simple_python_158,0.0,0.0,0.0
1.7,full_call,10,simple_python_170,1.0,1.0,0.0
1.7,full_call,10,simple_python_207,1.0,1.0,0.0
1.7,full_call,10,simple_python_228,1.0,0.0,1.0
1.7,full_call,10,simple_python_237,1.0,1.0,0.0
1.7,full_call,10,simple_python_239,1.0,1.0,0.0
1.7,full_call,10,simple_python_275,1.0,1.0,0.0
1.7,full_call,10,simple_python_288,1.0,1.0,0.0
1.7,full_call,10,simple_python_366,1.0,1.0,0.0
1.7,full_call,10,simple_python_398,1.0,1.0,0.0
1.7,full_call,10,simple_python_44,1.0,1.0,0.0
1.7,full_call,10,simple_python_77,1.0,0.0,1.0
1.7,full_call,10,simple_python_86,1.0,1.0,0.0
1.7,full_call,10,simple_python_97,1.0,1.0,0.0
1.7,full_call,10,simple_python_98,1.0,1.0,0.0
1.7,full_call,11,simple_python_102,1.0,0.0,1.0
1.7,full_call,11,simple_python_112,1.0,0.0,1.0
1.7,full_call,11,simple_python_129,1.0,0.0,1.0
1.7,full_call,11,simple_python_143,1.0,0.0,1.0
1.7,full_call,11,simple_python_15,1.0,0.0,1.0
1.7,full_call,11,simple_python_158,0.0,0.0,0.0
1.7,full_call,11,simple_python_170,1.0,0.0,1.0
1.7,full_call,11,simple_python_207,1.0,0.0,1.0
1.7,full_call,11,simple_python_228,1.0,0.0,1.0
1.7,full_call,11,simple_python_237,1.0,0.0,1.0
1.7,full_call,11,simple_python_239,1.0,0.0,1.0
1.7,full_call,11,simple_python_275,1.0,0.0,1.0
1.7,full_call,11,simple_python_288,1.0,0.0,1.0
1.7,full_call,11,simple_python_366,1.0,0.0,1.0
1.7,full_call,11,simple_python_398,1.0,0.0,1.0
1.7,full_call,11,simple_python_44,1.0,0.0,1.0
1.7,full_call,11,simple_python_77,1.0,0.0,1.0
1.7,full_call,11,simple_python_86,1.0,0.0,1.0
1.7,full_call,11,simple_python_97,1.0,0.0,1.0
1.7,full_call,11,simple_python_98,1.0,0.0,1.0
1.7,full_call,12,simple_python_102,1.0,0.0,1.0
1.7,full_call,12,simple_python_112,1.0,1.0,0.0
1.7,full_call,12,simple_python_129,1.0,0.0,1.0
1.7,full_call,12,simple_python_143,1.0,1.0,0.0
1.7,full_call,12,simple_python_15,1.0,0.0,1.0
1.7,full_call,12,simple_python_158,0.0,0.0,0.0
1.7,full_call,12,simple_python_170,1.0,1.0,0.0
1.7,full_call,12,simple_python_207,1.0,0.0,1.0
1.7,full_call,12,simple_python_228,1.0,1.0,0.0
1.7,full_call,12,simple_python_237,1.0,1.0,0.0
1.7,full_call,12,simple_python_239,1.0,1.0,0.0
1.7,full_call,12,simple_python_275,1.0,1.0,0.0
1.7,full_call,12,simple_python_288,1.0,1.0,0.0
1.7,full_call,12,simple_python_366,1.0,0.0,1.0
1.7,full_call,12,simple_python_398,1.0,0.0,1.0
1.7,full_call,12,simple_python_44,1.0,1.0,0.0
1.7,full_call,12,simple_python_77,1.0,1.0,0.0
1.7,full_call,12,simple_python_86,1.0,1.0,0.0
1.7,full_call,12,simple_python_97,1.0,0.0,1.0
1.7,full_call,12,simple_python_98,1.0,0.0,1.0
1.7,full_call,13,simple_python_102,1.0,1.0,0.0
1.7,full_call,13,simple_python_112,1.0,1.0,0.0
1.7,full_call,13,simple_python_129,1.0,1.0,0.0
1.7,full_call,13,simple_python_143,1.0,1.0,0.0
1.7,full_call,13,simple_python_15,1.0,1.0,0.0
1.7,full_call,13,simple_python_158,0.0,0.0,0.0
1.7,full_call,13,simple_python_170,1.0,1.0,0.0
1.7,full_call,13,simple_python_207,1.0,1.0,0.0
1.7,full_call,13,simple_python_228,1.0,1.0,0.0
1.7,full_call,13,simple_python_237,1.0,1.0,0.0
1.7,full_call,13,simple_python_239,1.0,1.0,0.0
1.7,full_call,13,simple_python_275,1.0,1.0,0.0
1.7,full_call,13,simple_python_288,1.0,1.0,0.0
1.7,full_call,13,simple_python_366,1.0,1.0,0.0
1.7,full_call,13,simple_python_398,1.0,1.0,0.0
1.7,full_call,13,simple_python_44,1.0,1.0,0.0
1.7,full_call,13,simple_python_77,1.0,1.0,0.0
1.7,full_call,13,simple_python_86,1.0,1.0,0.0
1.7,full_call,13,simple_python_97,1.0,1.0,0.0
1.7,full_call,13,simple_python_98,1.0,1.0,0.0
1.7,full_call,14,simple_python_102,1.0,0.0,1.0
1.7,full_call,14,simple_python_112,1.0,0.0,1.0
1.7,full_call,14,simple_python_129,1.0,1.0,0.0
1.7,full_call,14,simple_python_143,1.0,1.0,0.0
1.7,full_call,14,simple_python_15,1.0,0.0,1.0
1.7,full_call,14,simple_python_158,0.0,0.0,0.0
1.7,full_call,14,simple_python_170,1.0,1.0,0.0
1.7,full_call,14,simple_python_207,1.0,0.0,1.0
1.7,full_call,14,simple_python_228,1.0,1.0,0.0
1.7,full_call,14,simple_python_237,1.0,1.0,0.0
1.7,full_call,14,simple_python_239,1.0,0.0,1.0
1.7,full_call,14,simple_python_275,1.0,1.0,0.0
1.7,full_call,14,simple_python_288,1.0,1.0,0.0
1.7,full_call,14,simple_python_366,1.0,1.0,0.0
1.7,full_call,14,simple_python_398,1.0,0.0,1.0
1.7,full_call,14,simple_python_44,1.0,1.0,0.0
1.7,full_call,14,simple_python_77,1.0,0.0,1.0
1.7,full_call,14,simple_python_86,1.0,1.0,0.0
1.7,full_call,14,simple_python_97,1.0,1.0,0.0
1.7,full_call,14,simple_python_98,1.0,1.0,0.0
1.7,full_call,15,simple_python_102,1.0,0.0,1.0
1.7,full_call,15,simple_python_112,1.0,0.0,1.0
1.7,full_call,15,simple_python_129,1.0,1.0,0.0
1.7,full_call,15,simple_python_143,1.0,1.0,0.0
1.7,full_call,15,simple_python_15,1.0,1.0,0.0
1.7,full_call,15,simple_python_158,0.0,0.0,0.0
1.7,full_call,15,simple_python_170,1.0,1.0,0.0
1.7,full_call,15,simple_python_207,1.0,1.0,0.0
1.7,full_call,15,simple_python_228,1.0,1.0,0.0
1.7,full_call,15,simple_python_237,1.0,1.0,0.0
1.7,full_call,15,simple_python_239,1.0,1.0,0.0
1.7,full_call,15,simple_python_275,1.0,1.0,0.0
1.7,full_call,15,simple_python_288,1.0,1.0,0.0
1.7,full_call,15,simple_python_366,1.0,1.0,0.0
1.7,full_call,15,simple_python_398,1.0,1.0,0.0
1.7,full_call,15,simple_python_44,1.0,1.0,0.0
1.7,full_call,15,simple_python_77,1.0,1.0,0.0
1.7,full_call,15,simple_python_86,1.0,1.0,0.0
1.7,full_call,15,simple_python_97,1.0,1.0,0.0
1.7,full_call,15,simple_python_98,1.0,1.0,0.0
1.7,full_call,16,simple_python_102,1.0,1.0,0.0
1.7,full_call,16,simple_python_112,1.0,1.0,0.0
1.7,full_call,16,simple_python_129,1.0,1.0,0.0
1.7,full_call,16,simple_python_143,1.0,1.0,0.0
1.7,full_call,16,simple_python_15,1.0,1.0,0.0
1.7,full_call,16,simple_python_158,0.0,0.0,0.0
1.7,full_call,16,simple_python_170,1.0,1.0,0.0
1.7,full_call,16,simple_python_207,1.0,1.0,0.0
1.7,full_call,16,simple_python_228,1.0,1.0,0.0
1.7,full_call,16,simple_python_237,1.0,1.0,0.0
1.7,full_call,16,simple_python_239,1.0,1.0,0.0
1.7,full_call,16,simple_python_275,1.0,1.0,0.0
1.7,full_call,16,simple_python_288,1.0,1.0,0.0
1.7,full_call,16,simple_python_366,1.0,1.0,0.0
1.7,full_call,16,simple_python_398,1.0,1.0,0.0
1.7,full_call,16,simple_python_44,1.0,1.0,0.0
1.7,full_call,16,simple_python_77,1.0,1.0,0.0
1.7,full_call,16,simple_python_86,1.0,1.0,0.0
1.7,full_call,16,simple_python_97,1.0,1.0,0.0
1.7,full_call,16,simple_python_98,1.0,1.0,0.0
1.7,full_call,17,simple_python_102,1.0,1.0,0.0
1.7,full_call,17,simple_python_112,1.0,0.0,1.0
1.7,full_call,17,simple_python_129,1.0,1.0,0.0
1.7,full_call,17,simple_python_143,1.0,1.0,0.0
1.7,full_call,17,simple_python_15,1.0,0.0,1.0
1.7,full_call,17,simple_python_158,0.0,0.0,0.0
1.7,full_call,17,simple_python_170,1.0,1.0,0.0
1.7,full_call,17,simple_python_207,1.0,1.0,0.0
1.7,full_call,17,simple_python_228,1.0,1.0,0.0
1.7,full_call,17,simple_python_237,1.0,1.0,0.0
1.7,full_call,17,simple_python_239,1.0,1.0,0.0
1.7,full_call,17,simple_python_275,1.0,0.0,1.0
1.7,full_call,17,simple_python_288,1.0,1.0,0.0
1.7,full_call,17,simple_python_366,1.0,1.0,0.0
1.7,full_call,17,simple_python_398,1.0,1.0,0.0
1.7,full_call,17,simple_python_44,1.0,1.0,0.0
1.7,full_call,17,simple_python_77,1.0,0.0,1.0
1.7,full_call,17,simple_python_86,1.0,0.0,1.0
1.7,full_call,17,simple_python_97,1.0,1.0,0.0
1.7,full_call,17,simple_python_98,1.0,1.0,0.0
1.7,full_call,18,simple_python_102,1.0,1.0,0.0
1.7,full_call,18,simple_python_112,1.0,0.0,1.0
1.7,full_call,18,simple_python_129,1.0,0.0,1.0
1.7,full_call,18,simple_python_143,1.0,1.0,0.0
1.7,full_call,18,simple_python_15,1.0,1.0,0.0
1.7,full_call,18,simple_python_158,0.0,0.0,0.0
1.7,full_call,18,simple_python_170,1.0,1.0,0.0
1.7,full_call,18,simple_python_207,1.0,1.0,0.0
1.7,full_call,18,simple_python_228,1.0,1.0,0.0
1.7,full_call,18,simple_python_237,1.0,1.0,0.0
1.7,full_call,18,simple_python_239,1.0,1.0,0.0
1.7,full_call,18,simple_python_275,1.0,1.0,0.0
1.7,full_call,18,simple_python_288,1.0,1.0,0.0
1.7,full_call,18,simple_python_366,1.0,1.0,0.0
1.7,full_call,18,simple_python_398,1.0,1.0,0.0
1.7,full_call,18,simple_python_44,1.0,1.0,0.0
1.7,full_call,18,simple_python_77,1.0,1.0,0.0
1.7,full_call,18,simple_python_86,1.0,1.0,0.0
1.7,full_call,18,simple_python_97,1.0,1.0,0.0
1.7,full_call,18,simple_python_98,1.0,1.0,0.0
1.7,full_call,19,simple_python_102,1.0,1.0,0.0
1.7,full_call,19,simple_python_112,1.0,0.0,1.0
1.7,full_call,19,simple_python_129,1.0,0.0,1.0
1.7,full_call,19,simple_python_143,1.0,0.0,1.0
1.7,full_call,19,simple_python_15,1.0,1.0,0.0
1.7,full_call,19,simple_python_158,0.0,1.0,-1.0
1.7,full_call,19,simple_python_170,1.0,1.0,0.0
1.7,full_call,19,simple_python_207,1.0,1.0,0.0
1.7,full_call,19,simple_python_228,1.0,1.0,0.0
1.7,full_call,19,simple_python_237,1.0,1.0,0.0
1.7,full_call,19,simple_python_239,1.0,1.0,0.0
1.7,full_call,19,simple_python_275,1.0,0.0,1.0
1.7,full_call,19,simple_python_288,1.0,0.0,1.0
1.7,full_call,19,simple_python_366,1.0,1.0,0.0
1.7,full_call,19,simple_python_398,1.0,1.0,0.0
1.7,full_call,19,simple_python_44,1.0,0.0,1.0
1.7,full_call,19,simple_python_77,1.0,0.0,1.0
1.7,full_call,19,simple_python_86,1.0,1.0,0.0
1.7,full_call,19,simple_python_97,1.0,0.0,1.0
1.7,full_call,19,simple_python_98,1.0,1.0,0.0
1.7,full_call,20,simple_python_102,1.0,0.0,1.0
1.7,full_call,20,simple_python_112,1.0,0.0,1.0
1.7,full_call,20,simple_python_129,1.0,0.0,1.0
1.7,full_call,20,simple_python_143,1.0,1.0,0.0
1.7,full_call,20,simple_python_15,1.0,1.0,0.0
1.7,full_call,20,simple_python_158,0.0,0.0,0.0
1.7,full_call,20,simple_python_170,1.0,0.0,1.0
1.7,full_call,20,simple_python_207,1.0,1.0,0.0
1.7,full_call,20,simple_python_228,1.0,1.0,0.0
1.7,full_call,20,simple_python_237,1.0,0.0,1.0
1.7,full_call,20,simple_python_239,1.0,0.0,1.0
1.7,full_call,20,simple_python_275,1.0,1.0,0.0
1.7,full_call,20,simple_python_288,1.0,1.0,0.0
1.7,full_call,20,simple_python_366,1.0,1.0,0.0
1.7,full_call,20,simple_python_398,1.0,1.0,0.0
1.7,full_call,20,simple_python_44,1.0,1.0,0.0
1.7,full_call,20,simple_python_77,1.0,0.0,1.0
1.7,full_call,20,simple_python_86,1.0,1.0,0.0
1.7,full_call,20,simple_python_97,1.0,0.0,1.0
1.7,full_call,20,simple_python_98,1.0,1.0,0.0
1.7,full_call,21,simple_python_102,1.0,0.0,1.0
1.7,full_call,21,simple_python_112,1.0,0.0,1.0
1.7,full_call,21,simple_python_129,1.0,1.0,0.0
1.7,full_call,21,simple_python_143,1.0,0.0,1.0
1.7,full_call,21,simple_python_15,1.0,0.0,1.0
1.7,full_call,21,simple_python_158,0.0,0.0,0.0
1.7,full_call,21,simple_python_170,1.0,1.0,0.0
1.7,full_call,21,simple_python_207,1.0,0.0,1.0
1.7,full_call,21,simple_python_228,1.0,1.0,0.0
1.7,full_call,21,simple_python_237,1.0,1.0,0.0
1.7,full_call,21,simple_python_239,1.0,1.0,0.0
1.7,full_call,21,simple_python_275,1.0,0.0,1.0
1.7,full_call,21,simple_python_288,1.0,1.0,0.0
1.7,full_call,21,simple_python_366,1.0,1.0,0.0
1.7,full_call,21,simple_python_398,1.0,1.0,0.0
1.7,full_call,21,simple_python_44,1.0,1.0,0.0
1.7,full_call,21,simple_python_77,1.0,0.0,1.0
1.7,full_call,21,simple_python_86,1.0,0.0,1.0
1.7,full_call,21,simple_python_97,1.0,1.0,0.0
1.7,full_call,21,simple_python_98,1.0,0.0,1.0
1.7,full_call,22,simple_python_102,1.0,1.0,0.0
1.7,full_call,22,simple_python_112,1.0,0.0,1.0
1.7,full_call,22,simple_python_129,1.0,0.0,1.0
1.7,full_call,22,simple_python_143,1.0,0.0,1.0
1.7,full_call,22,simple_python_15,1.0,0.0,1.0
1.7,full_call,22,simple_python_158,0.0,0.0,0.0
1.7,full_call,22,simple_python_170,1.0,0.0,1.0
1.7,full_call,22,simple_python_207,1.0,1.0,0.0
1.7,full_call,22,simple_python_228,1.0,0.0,1.0
1.7,full_call,22,simple_python_237,1.0,0.0,1.0
1.7,full_call,22,simple_python_239,1.0,1.0,0.0
1.7,full_call,22,simple_python_275,1.0,1.0,0.0
1.7,full_call,22,simple_python_288,1.0,0.0,1.0
1.7,full_call,22,simple_python_366,1.0,0.0,1.0
1.7,full_call,22,simple_python_398,1.0,1.0,0.0
1.7,full_call,22,simple_python_44,1.0,0.0,1.0
1.7,full_call,22,simple_python_77,1.0,1.0,0.0
1.7,full_call,22,simple_python_86,1.0,1.0,0.0
1.7,full_call,22,simple_python_97,1.0,0.0,1.0
1.7,full_call,22,simple_python_98,1.0,0.0,1.0
1.7,full_call,23,simple_python_102,1.0,1.0,0.0
1.7,full_call,23,simple_python_112,1.0,0.0,1.0
1.7,full_call,23,simple_python_129,1.0,1.0,0.0
1.7,full_call,23,simple_python_143,1.0,1.0,0.0
1.7,full_call,23,simple_python_15,1.0,1.0,0.0
1.7,full_call,23,simple_python_158,0.0,0.0,0.0
1.7,full_call,23,simple_python_170,1.0,1.0,0.0
1.7,full_call,23,simple_python_207,1.0,1.0,0.0
1.7,full_call,23,simple_python_228,1.0,1.0,0.0
1.7,full_call,23,simple_python_237,1.0,1.0,0.0
1.7,full_call,23,simple_python_239,1.0,1.0,0.0
1.7,full_call,23,simple_python_275,1.0,1.0,0.0
1.7,full_call,23,simple_python_288,1.0,1.0,0.0
1.7,full_call,23,simple_python_366,1.0,1.0,0.0
1.7,full_call,23,simple_python_398,1.0,1.0,0.0
1.7,full_call,23,simple_python_44,1.0,1.0,0.0
1.7,full_call,23,simple_python_77,1.0,1.0,0.0
1.7,full_call,23,simple_python_86,1.0,1.0,0.0
1.7,full_call,23,simple_python_97,1.0,1.0,0.0
1.7,full_call,23,simple_python_98,1.0,1.0,0.0
1.7,full_call,24,simple_python_102,1.0,0.0,1.0
1.7,full_call,24,simple_python_112,1.0,0.0,1.0
1.7,full_call,24,simple_python_129,1.0,0.0,1.0
1.7,full_call,24,simple_python_143,1.0,0.0,1.0
1.7,full_call,24,simple_python_15,1.0,0.0,1.0
1.7,full_call,24,simple_python_158,0.0,0.0,0.0
1.7,full_call,24,simple_python_170,1.0,0.0,1.0
1.7,full_call,24,simple_python_207,1.0,0.0,1.0
1.7,full_call,24,simple_python_228,1.0,0.0,1.0
1.7,full_call,24,simple_python_237,1.0,0.0,1.0
1.7,full_call,24,simple_python_239,1.0,0.0,1.0
1.7,full_call,24,simple_python_275,1.0,0.0,1.0
1.7,full_call,24,simple_python_288,1.0,0.0,1.0
1.7,full_call,24,simple_python_366,1.0,0.0,1.0
1.7,full_call,24,simple_python_398,1.0,0.0,1.0
1.7,full_call,24,simple_python_44,1.0,1.0,0.0
1.7,full_call,24,simple_python_77,1.0,0.0,1.0
1.7,full_call,24,simple_python_86,1.0,0.0,1.0
1.7,full_call,24,simple_python_97,1.0,0.0,1.0
1.7,full_call,24,simple_python_98,1.0,0.0,1.0
1.7,full_call,25,simple_python_102,1.0,1.0,0.0
1.7,full_call,25,simple_python_112,1.0,0.0,1.0
1.7,full_call,25,simple_python_129,1.0,1.0,0.0
1.7,full_call,25,simple_python_143,1.0,1.0,0.0
1.7,full_call,25,simple_python_15,1.0,1.0,0.0
1.7,full_call,25,simple_python_158,0.0,0.0,0.0
1.7,full_call,25,simple_python_170,1.0,1.0,0.0
1.7,full_call,25,simple_python_207,1.0,1.0,0.0
1.7,full_call,25,simple_python_228,1.0,1.0,0.0
1.7,full_call,25,simple_python_237,1.0,1.0,0.0
1.7,full_call,25,simple_python_239,1.0,1.0,0.0
1.7,full_call,25,simple_python_275,1.0,1.0,0.0
1.7,full_call,25,simple_python_288,1.0,1.0,0.0
1.7,full_call,25,simple_python_366,1.0,1.0,0.0
1.7,full_call,25,simple_python_398,1.0,1.0,0.0
1.7,full_call,25,simple_python_44,1.0,1.0,0.0
1.7,full_call,25,simple_python_77,1.0,1.0,0.0
1.7,full_call,25,simple_python_86,1.0,1.0,0.0
1.7,full_call,25,simple_python_97,1.0,1.0,0.0
1.7,full_call,25,simple_python_98,1.0,1.0,0.0
1.7,full_call,26,simple_python_102,1.0,1.0,0.0
1.7,full_call,26,simple_python_112,1.0,1.0,0.0
1.7,full_call,26,simple_python_129,1.0,1.0,0.0
1.7,full_call,26,simple_python_143,1.0,1.0,0.0
1.7,full_call,26,simple_python_15,1.0,1.0,0.0
1.7,full_call,26,simple_python_158,0.0,0.0,0.0
1.7,full_call,26,simple_python_170,1.0,1.0,0.0
1.7,full_call,26,simple_python_207,1.0,1.0,0.0
1.7,full_call,26,simple_python_228,1.0,1.0,0.0
1.7,full_call,26,simple_python_237,1.0,1.0,0.0
1.7,full_call,26,simple_python_239,1.0,1.0,0.0
1.7,full_call,26,simple_python_275,1.0,1.0,0.0
1.7,full_call,26,simple_python_288,1.0,1.0,0.0
1.7,full_call,26,simple_python_366,1.0,1.0,0.0
1.7,full_call,26,simple_python_398,1.0,1.0,0.0
1.7,full_call,26,simple_python_44,1.0,1.0,0.0
1.7,full_call,26,simple_python_77,1.0,0.0,1.0
1.7,full_call,26,simple_python_86,1.0,1.0,0.0
1.7,full_call,26,simple_python_97,1.0,1.0,0.0
1.7,full_call,26,simple_python_98,1.0,1.0,0.0
1.7,full_call,27,simple_python_102,1.0,0.0,1.0
1.7,full_call,27,simple_python_112,1.0,0.0,1.0
1.7,full_call,27,simple_python_129,1.0,0.0,1.0
1.7,full_call,27,simple_python_143,1.0,0.0,1.0
1.7,full_call,27,simple_python_15,1.0,1.0,0.0
1.7,full_call,27,simple_python_158,0.0,0.0,0.0
1.7,full_call,27,simple_python_170,1.0,0.0,1.0
1.7,full_call,27,simple_python_207,1.0,1.0,0.0
1.7,full_call,27,simple_python_228,1.0,0.0,1.0
1.7,full_call,27,simple_python_237,1.0,1.0,0.0
1.7,full_call,27,simple_python_239,1.0,0.0,1.0
1.7,full_call,27,simple_python_275,1.0,0.0,1.0
1.7,full_call,27,simple_python_288,1.0,0.0,1.0
1.7,full_call,27,simple_python_366,1.0,0.0,1.0
1.7,full_call,27,simple_python_398,1.0,0.0,1.0
1.7,full_call,27,simple_python_44,1.0,0.0,1.0
1.7,full_call,27,simple_python_77,1.0,0.0,1.0
1.7,full_call,27,simple_python_86,1.0,0.0,1.0
1.7,full_call,27,simple_python_97,1.0,0.0,1.0
1.7,full_call,27,simple_python_98,1.0,0.0,1.0
